I,599782857,0.0407,0.6081,9.2009,-0.0099,0.1033,-0.0939,-17.269,-20.081,-46.828,0
I,599792857,0.0335,0.6177,9.2153,0.0206,-0.0187,-0.0024,-16.729,-18.468,-48.042,0
I,599802858,0.0335,0.6177,9.2249,-0.0099,-0.0187,-0.0939,-18.708,-19.364,-47.522,0
I,599812858,0.0263,0.6177,9.2057,0.0511,0.0423,-0.0329,-16.909,-17.213,-47.869,0
I,599822857,0.0359,0.6345,9.2153,-0.0099,-0.0491,0.0585,-18.168,-19.543,-48.389,0
I,599832857,0.0431,0.6536,9.2201,0.0511,-0.0187,-0.0024,-17.449,-18.826,-46.308,0
I,599842857,0.0239,0.6321,9.2392,-0.0404,0.0118,-0.0634,-17.629,-20.081,-48.216,0
I,599852860,0.0383,0.6249,9.1698,0.0206,-0.0187,0.0280,-17.808,-19.185,-47.348,0
I,599862857,0.0359,0.6153,9.2153,0.0206,0.0118,-0.0634,-17.449,-19.543,-48.736,0
I,599872858,0.0359,0.6033,9.1866,0.0816,0.0423,-0.0634,-17.808,-19.543,-48.042,0
I,599882858,0.0072,0.5938,9.2009,0.0511,0.1033,-0.1549,-17.629,-19.005,-47.522,0
I,599922857,0.0407,0.6297,9.2177,0.0511,-0.0187,-0.0329,-18.348,-19.005,-47.869,0
I,599932857,0.0335,0.6680,9.1961,-0.0099,0.0423,-0.0024,-16.369,-18.826,-48.389,0
I,599942857,0.0287,0.6297,9.2392,0.0511,0.0423,0.0280,-17.808,-18.826,-49.777,0
I,599952857,0.0287,0.6440,9.1866,0.0511,-0.0796,0.0280,-17.629,-19.005,-46.828,0
I,599962857,0.0335,0.6129,9.2081,0.0511,0.1033,-0.1244,-16.909,-20.081,-46.828,0
I,599972857,0.0168,0.6105,9.1985,0.0816,-0.0187,-0.0024,-17.089,-19.902,-46.655,0
I,599982857,0.0168,0.6321,9.1842,-0.0404,0.0118,0.2415,-17.449,-20.261,-48.389,0
I,599992857,0.0263,0.6129,9.2201,-0.0099,0.0118,0.0890,-18.528,-18.109,-47.002,0
I,600002857,0.0239,0.6105,9.2225,-0.0404,0.0423,0.0280,-18.168,-19.543,-48.042,0
I,600012858,0.0407,0.6225,9.2177,0.1120,-0.0796,0.0280,-16.729,-17.392,-46.308,0
I,600022857,0.0407,0.6201,9.1961,-0.0099,-0.0187,-0.1244,-17.988,-19.005,-46.828,0
I,600122857,0.0359,0.6393,9.1674,-0.0404,0.0423,0.0585,-17.808,-19.543,-47.695,0
I,600132858,0.0359,0.6225,9.2129,0.0511,-0.0187,0.0280,-18.528,-19.543,-48.736,0
I,600142858,0.0359,0.6297,9.1961,0.0206,0.0728,0.0280,-17.629,-18.647,-47.522,0
I,600152857,0.0311,0.6177,9.2057,-0.0404,0.0118,0.0585,-18.168,-19.543,-47.348,0
I,600162857,0.0311,0.6273,9.2057,0.0206,-0.0491,0.0280,-17.808,-19.185,-47.002,0
I,600172857,0.0359,0.6321,9.1961,0.0816,-0.0187,-0.1854,-17.449,-18.468,-47.695,0
I,600182858,0.0383,0.6177,9.1937,-0.0099,-0.1101,-0.0024,-16.909,-18.647,-46.828,0
I,600192857,0.0479,0.6249,9.1913,-0.0099,0.0118,0.0280,-18.168,-20.261,-46.308,0
I,600202859,0.0479,0.6440,9.1913,0.0206,-0.0187,0.0585,-17.269,-19.723,-48.216,0
I,600212857,0.0287,0.6393,9.2105,0.0206,-0.0187,0.0890,-18.168,-18.109,-48.389,0
I,600262858,0.0239,0.6249,9.1746,0.1120,0.0423,-0.0024,-17.629,-19.364,-46.828,0
I,600272857,0.0335,0.6416,9.2225,-0.0404,0.0118,-0.0024,-18.708,-19.364,-47.175,0
I,600282857,0.0263,0.6369,9.2081,-0.0404,0.0118,-0.1244,-18.348,-19.005,-47.869,0
I,600292857,0.0168,0.6033,9.2009,-0.0099,-0.0491,-0.0024,-18.348,-19.723,-46.828,0
I,600302857,0.0287,0.6153,9.1913,-0.0404,-0.0187,-0.0329,-17.449,-19.543,-47.695,0
I,600312857,0.0383,0.6129,9.1961,0.0206,0.1643,-0.0329,-16.729,-20.261,-47.695,0
I,600322861,0.0311,0.6081,9.2057,-0.0099,0.0118,-0.0329,-16.189,-20.440,-47.869,0
I,600332857,0.0335,0.6273,9.2081,-0.0709,-0.0187,0.0890,-16.369,-18.826,-47.002,0
I,600342858,0.0311,0.6177,9.1698,-0.0099,0.1338,-0.0634,-18.528,-20.978,-46.655,0
I,600352857,0.0168,0.6321,9.1866,0.0511,0.0728,-0.0634,-18.528,-18.826,-48.736,0
I,600362857,0.0527,0.6416,9.2057,0.0206,0.1338,-0.0939,-20.507,-17.930,-48.909,0
I,600372857,0.0192,0.6393,9.1985,-0.0404,0.1033,-0.0024,-18.708,-18.647,-48.562,0
I,600382857,0.0335,0.6345,9.2296,-0.0099,0.0423,-0.0329,-16.729,-19.185,-47.348,0
I,600392857,0.0359,0.6369,9.2033,-0.0099,0.0423,-0.0024,-18.528,-18.468,-47.002,0
I,600402857,0.0455,0.6225,9.2296,0.0206,0.1033,-0.0024,-18.708,-18.288,-48.909,0
I,600412858,0.0263,0.6177,9.2009,-0.0709,0.0423,-0.0329,-16.909,-19.005,-46.134,0
I,600422858,0.0335,0.6105,9.1842,-0.0709,0.0423,-0.0634,-18.528,-18.109,-48.736,0
I,600432858,0.0239,0.6273,9.1889,-0.0099,-0.0187,-0.0634,-16.010,-18.468,-48.042,0
I,600442857,0.0287,0.6057,9.1985,-0.0404,0.0118,-0.0634,-17.449,-19.902,-47.002,0
I,600452858,0.0239,0.6129,9.1794,0.0511,0.0728,0.0585,-17.089,-18.109,-47.002,0
I,600462857,0.0287,0.6464,9.1985,0.0206,-0.0187,-0.0939,-16.909,-19.005,-47.522,0
I,600472857,0.0503,0.6345,9.1889,-0.0099,0.1033,0.0280,-16.909,-19.005,-47.522,2
I,600482857,0.0431,0.6249,9.1889,-0.0099,-0.0187,-0.0024,-16.909,-19.005,-47.522,0
I,600492857,0.0215,0.6369,9.2225,0.0816,-0.0187,0.0280,-16.909,-18.647,-48.562,0
I,600502857,-0.0120,0.6440,9.1746,-0.0099,-0.1101,-0.0024,-19.247,-18.826,-46.308,0
I,600512858,0.0024,0.6105,9.2273,-0.0404,-0.0187,-0.0329,-17.269,-18.647,-47.175,0
I,600522857,0.0527,0.5962,9.2057,-0.1014,-0.0187,-0.1244,-19.068,-20.081,-47.869,0
I,600532857,0.0718,0.5794,9.2033,0.0206,-0.1101,-0.0329,-15.830,-18.288,-47.869,0
I,600542857,0.0575,0.6033,9.1842,-0.0099,-0.0187,0.0585,-17.629,-19.723,-47.869,0
I,600552857,0.0431,0.6345,9.2368,-0.0404,0.1033,0.0280,-16.549,-19.005,-48.216,0
I,600562858,-0.0048,0.6393,9.2009,-0.0709,0.0423,0.0585,-17.269,-19.364,-47.522,0
I,600572858,-0.0168,0.6321,9.1985,-0.0099,-0.0187,0.0280,-17.808,-19.543,-47.002,0
I,600582857,0.0048,0.6153,9.1794,-0.0404,0.0423,-0.0024,-17.269,-19.364,-47.175,0
I,600592858,0.0431,0.6345,9.1913,-0.0404,-0.0491,-0.1549,-17.089,-19.543,-46.655,0
I,600602857,0.0646,0.6153,9.1913,-0.0709,0.0118,-0.0024,-18.708,-18.647,-47.522,0
I,600612860,0.0718,0.6081,9.1889,0.0206,0.0118,0.0585,-17.808,-18.826,-47.348,0
I,600622857,0.0479,0.6033,9.2057,-0.0709,0.0118,0.0280,-17.988,-19.005,-48.216,0
I,600632857,0.0335,0.6273,9.2009,-0.0404,0.0728,0.1195,-18.528,-19.902,-48.389,0
I,600642858,0.0024,0.6416,9.1818,0.0816,0.0728,0.0585,-16.729,-17.750,-46.655,0
I,600652858,0.0072,0.6584,9.2129,-0.0709,0.0423,-0.0634,-17.449,-19.185,-47.002,0
I,600662857,0.0263,0.6201,9.1770,-0.0709,-0.0491,-0.0939,-16.729,-18.826,-48.389,0
I,600672859,0.0431,0.6201,9.2057,-0.0404,-0.1101,-0.1244,-17.269,-18.647,-47.869,0
I,600682857,0.0599,0.6201,9.2033,-0.0709,-0.0796,0.0890,-18.348,-18.288,-49.603,0
I,600692857,0.0646,0.6153,9.1913,-0.1014,0.0423,0.0280,-18.168,-18.826,-48.042,0
I,600702857,0.0192,0.6129,9.2081,-0.0099,0.1033,0.0280,-18.168,-19.543,-47.695,0
I,600712858,0.0168,0.6129,9.2225,-0.0099,0.0118,-0.0024,-16.369,-19.185,-47.695,0
I,600722857,0.0024,0.6201,9.2153,-0.1319,-0.1101,0.0890,-16.729,-18.468,-46.655,0
I,600782857,0.0311,0.6153,9.1985,0.0206,-0.0491,-0.0024,-18.348,-19.005,-49.603,0
I,600792857,0.0048,0.6153,9.1722,0.0206,-0.0796,0.0585,-18.168,-19.185,-47.002,0
I,600802857,0.0120,0.6129,9.2033,0.0816,-0.0491,0.0280,-17.808,-18.468,-47.695,0
I,600812857,0.0144,0.6369,9.2153,-0.0404,0.0118,0.0280,-17.269,-18.647,-47.869,0
I,600822857,0.0431,0.6321,9.1794,-0.0404,-0.0491,-0.0634,-17.089,-19.543,-48.042,0
I,600832857,0.0479,0.6297,9.2081,-0.0404,-0.0796,-0.0634,-17.449,-19.185,-47.695,0
I,600842857,0.0575,0.6129,9.2249,-0.0099,-0.0187,-0.0634,-18.168,-18.109,-47.002,0
I,600852857,0.0263,0.6273,9.2177,-0.0404,0.1033,-0.0329,-19.068,-19.723,-46.481,0
I,600862857,0.0096,0.6081,9.2105,-0.0099,-0.1406,-0.0329,-17.988,-17.571,-47.175,0
I,600872857,-0.0120,0.6177,9.2057,-0.0099,-0.0491,0.1500,-18.528,-18.468,-48.389,0
I,600882857,-0.0048,0.6249,9.1937,-0.0099,-0.0491,-0.0329,-17.269,-19.364,-46.828,0
I,600892857,0.0335,0.6225,9.2105,-0.1319,0.0118,-0.0634,-17.808,-17.392,-47.695,0
I,600902859,0.0503,0.6393,9.1842,0.1120,-0.0187,-0.0634,-18.168,-18.468,-48.042,0
I,600912857,0.0479,0.6393,9.1985,0.0511,0.0423,0.0585,-17.988,-19.005,-48.562,0
I,600922858,0.0479,0.6560,9.1985,0.0816,-0.0491,-0.1244,-16.909,-19.005,-47.522,0
I,600932857,0.0551,0.6345,9.1889,0.0206,0.0118,-0.0024,-17.629,-19.364,-49.256,0
I,600942857,0.0072,0.6345,9.1913,0.0511,0.0423,-0.0634,-18.168,-19.185,-47.348,0
I,600982857,0.0455,0.6081,9.2225,0.0206,0.0118,-0.1854,-17.629,-19.364,-47.869,0
I,600992857,0.0622,0.6225,9.1794,-0.0404,-0.0491,0.0280,-18.528,-18.826,-48.389,0
I,601002857,0.0622,0.6440,9.2081,-0.0099,0.0118,0.0280,-18.168,-19.543,-48.389,0
I,601012857,0.0287,0.6321,9.2009,0.0206,0.0423,0.0280,-17.269,-19.364,-47.869,0
I,601022857,0.0192,0.6297,9.2105,-0.0099,-0.0796,-0.0939,-18.168,-18.826,-48.042,0
I,601032857,0.0215,0.6273,9.1985,0.0816,-0.1711,-0.0329,-17.988,-19.723,-47.175,0
I,601042857,0.0287,0.6153,9.1913,0.0511,-0.0491,-0.1244,-18.348,-19.005,-47.175,0
I,601052857,0.0263,0.6081,9.2033,-0.0404,0.0118,-0.1854,-18.708,-18.647,-47.522,0
I,601062857,0.0431,0.6297,9.2177,-0.1014,-0.0187,-0.0634,-17.988,-19.723,-47.869,0
I,601072857,0.0359,0.6249,9.2033,-0.0099,0.0118,-0.1244,-17.089,-18.826,-48.736,0
I,601082860,0.0335,0.6321,9.2009,-0.0404,-0.0187,-0.0939,-16.729,-17.750,-47.348,0
I,601092857,0.0287,0.6249,9.2129,-0.0099,-0.0187,0.1195,-18.168,-17.033,-47.695,0
I,601102858,0.0263,0.6153,9.2033,0.0511,-0.0187,-0.0329,-16.909,-19.005,-48.562,0
I,601112857,0.0048,0.6105,9.1961,-0.0404,-0.0187,0.0585,-17.269,-18.647,-47.175,0
I,601122857,0.0215,0.6009,9.1794,-0.1014,0.0423,-0.0939,-17.089,-18.468,-48.042,0
I,601132857,0.0144,0.6057,9.2033,-0.0099,0.1338,0.0280,-17.629,-18.647,-47.869,0
I,601142860,0.0407,0.6033,9.1961,-0.0709,-0.0187,-0.0329,-17.089,-18.826,-48.042,0
I,601152857,0.0407,0.6345,9.1722,0.0206,0.0118,0.1195,-18.888,-18.468,-48.389,0
I,601162857,0.0479,0.6369,9.2081,-0.0099,-0.0491,-0.0634,-17.988,-17.930,-48.216,0
I,601172857,0.0575,0.6536,9.1985,0.0206,0.0118,0.1195,-17.988,-19.005,-48.216,0
I,601182857,0.0263,0.6488,9.2201,-0.0099,0.0423,0.1500,-17.808,-19.543,-47.695,0
I,601212857,0.0120,0.6177,9.1985,0.0206,0.0118,-0.0024,-18.528,-18.826,-49.083,0
I,601222857,0.0144,0.6081,9.2129,-0.0404,-0.0187,-0.0329,-16.369,-18.109,-47.695,0
I,601232857,0.0287,0.5962,9.2296,0.0206,0.0728,-0.1549,-17.269,-19.723,-47.522,0
I,601242858,0.0239,0.5962,9.1937,-0.0099,-0.0187,-0.1244,-17.808,-18.109,-47.695,0
I,601252857,0.0383,0.6249,9.1866,0.0206,-0.0187,-0.0024,-17.808,-18.826,-46.655,0
I,601262857,0.0359,0.6273,9.2129,0.0206,-0.0491,0.0585,-18.888,-19.543,-48.042,0
I,601272857,0.0359,0.6608,9.1722,-0.0099,-0.0187,-0.1244,-17.269,-17.930,-48.562,0
I,601282857,0.0335,0.6440,9.1746,-0.0709,-0.0491,-0.2463,-16.189,-18.288,-48.909,0
I,601292857,0.0383,0.6416,9.1961,-0.0709,-0.0187,-0.0939,-17.089,-19.185,-47.348,0
I,601302857,0.0287,0.6177,9.2320,0.0511,-0.0187,-0.0329,-15.830,-19.005,-47.522,0
I,601312857,0.0311,0.6201,9.1985,0.0511,0.0728,-0.0024,-17.988,-19.005,-48.216,0
I,601322858,0.0215,0.6033,9.1794,-0.0709,0.0118,-0.0329,-18.888,-19.185,-47.002,0
I,601332857,0.0192,0.6105,9.1913,0.0511,-0.0491,-0.0634,-17.808,-18.826,-47.695,0
I,601342857,0.0168,0.6057,9.2201,0.0511,-0.0491,-0.0329,-18.708,-17.930,-48.562,0
I,601352857,0.0311,0.6393,9.2416,0.0816,-0.0491,-0.1854,-18.528,-19.185,-48.042,0
I,601362857,0.0431,0.6249,9.1818,0.0206,-0.0491,-0.0634,-17.988,-19.005,-47.869,0
I,601372858,0.0431,0.6369,9.1794,-0.0099,-0.0796,-0.0329,-18.168,-18.468,-48.042,0
I,601382857,0.0263,0.6416,9.1842,0.0206,-0.1101,-0.0634,-19.787,-19.364,-47.175,0
I,601392857,0.0311,0.6321,9.2033,-0.0709,0.1033,0.0280,-17.449,-18.468,-47.695,0
I,601402857,-0.0024,0.6153,9.2225,0.0511,0.0728,-0.0024,-18.168,-18.109,-47.695,0
I,601412857,0.0215,0.6105,9.1937,0.0206,0.0728,0.0890,-16.909,-20.798,-46.828,0
I,601422857,0.0239,0.6177,9.2081,-0.0099,-0.0187,-0.0634,-17.988,-19.005,-46.828,0
I,601432859,0.0096,0.6153,9.1722,-0.0404,0.0118,-0.0939,-18.348,-18.647,-48.216,0
I,601442857,0.0168,0.6153,9.2081,-0.0404,-0.0187,0.0280,-18.348,-19.005,-47.175,0
I,601452857,0.0144,0.6345,9.2105,-0.0404,0.0423,-0.0329,-17.629,-19.364,-48.216,0
I,601462857,0.0335,0.6345,9.2033,0.0816,0.0118,0.0280,-17.629,-19.364,-46.481,0
I,601472857,0.0551,0.6512,9.1985,0.0206,0.0118,0.0280,-16.729,-18.826,-47.695,0
I,601482857,0.0263,0.6369,9.1842,0.0206,0.1033,-0.0634,-17.449,-19.185,-47.695,0
I,601492857,0.0239,0.6057,9.1961,-0.0404,0.0423,-0.0329,-16.729,-19.543,-47.348,0
I,601502857,0.0311,0.5986,9.1889,0.0511,-0.1101,-0.0024,-16.729,-19.543,-47.348,2
I,601512858,0.0192,0.6225,9.1818,0.0511,-0.0187,0.0585,-17.629,-17.571,-47.869,0
I,601522857,0.0239,0.6009,9.2177,0.0206,-0.0796,-0.0634,-17.449,-18.826,-49.430,0
I,601532857,0.0263,0.6225,9.1794,-0.0099,-0.0796,-0.0329,-17.269,-19.723,-48.909,0
I,601542857,0.0407,0.6153,9.2201,-0.0404,-0.0491,0.0280,-17.449,-18.468,-48.736,0
I,601552860,0.0359,0.6464,9.2081,-0.0099,0.0118,-0.0939,-17.988,-18.647,-47.522,0
I,601562857,0.0599,0.6632,9.2512,0.0206,0.0118,0.0280,-16.909,-18.288,-46.828,0
I,601572857,0.0359,0.6512,9.1937,-0.0099,0.0728,0.0585,-16.189,-19.723,-46.134,0
I,601582857,0.0431,0.6416,9.1530,0.0206,0.0423,0.0890,-16.729,-19.543,-48.042,0
I,601592857,0.0311,0.6033,9.1650,-0.0099,0.0423,0.0280,-17.089,-18.468,-47.695,0
I,601602857,-0.0072,0.6129,9.1506,0.0511,-0.0187,0.0280,-18.708,-19.364,-49.603,0
I,601612857,0.0192,0.6249,9.2656,-0.0404,-0.1101,0.0280,-17.089,-19.543,-47.695,0
I,601622857,0.0239,0.6057,9.2392,-0.0709,-0.0491,-0.0024,-17.629,-18.647,-48.562,0
I,601632857,0.0263,0.6129,9.1554,0.0511,0.0728,0.0280,-17.629,-19.723,-47.869,0
I,601642857,0.0192,0.5986,9.1722,0.0816,-0.0187,-0.0024,-15.290,-18.468,-47.348,0
I,601652858,0.0479,0.6321,9.1578,0.0511,-0.1101,-0.0024,-19.068,-19.723,-47.869,0
I,601662858,0.0455,0.6488,9.2512,0.0816,-0.0187,-0.0634,-18.168,-18.468,-46.308,0
I,601672857,0.0479,0.6297,9.2273,-0.0099,-0.0187,0.1195,-17.629,-18.647,-48.562,0
I,601682857,0.0263,0.6225,9.2344,-0.0099,0.0118,-0.0634,-17.808,-18.826,-49.430,0
I,601692858,0.0239,0.6393,9.1315,0.1120,0.0728,0.0280,-17.988,-19.005,-47.869,0
I,601702857,0.0383,0.6297,9.1482,-0.0099,-0.0796,-0.0939,-17.269,-19.364,-48.216,0
I,601712857,0.0096,0.6201,9.2201,-0.0404,-0.0187,0.1805,-16.729,-19.185,-46.655,0
I,601722858,0.0455,0.6201,9.1866,0.0206,-0.0491,-0.0939,-17.988,-17.930,-47.522,0
I,601732857,0.0192,0.6129,9.1889,-0.0099,0.0728,0.0280,-18.528,-18.826,-47.348,0
I,601742857,0.0215,0.6129,9.2153,0.0511,-0.0491,0.0890,-18.528,-19.543,-48.042,0
I,601752858,0.0383,0.5986,9.1842,-0.0404,-0.1101,-0.0024,-16.729,-18.826,-47.002,0
I,601762857,0.0335,0.6081,9.2584,0.0206,0.0118,-0.0634,-19.068,-19.364,-48.216,0
I,601772858,0.0215,0.6129,9.2344,-0.0099,-0.0796,-0.0024,-17.269,-19.005,-48.909,0
I,601782857,0.0072,0.6440,9.2177,-0.0099,-0.1711,0.1195,-17.808,-20.261,-46.655,0
I,601792858,-0.9194,0.5626,9.1770,0.0206,-0.0491,-0.4293,-17.808,-18.826,-46.655,0
I,601802857,-4.8243,0.5842,9.2296,0.0206,-0.1711,-13.5695,-18.348,-19.723,-47.175,0
I,601812857,-4.0965,0.7590,9.2440,-0.0709,-0.2016,-34.7281,-18.168,-19.185,-47.348,0
I,601822857,-2.2936,0.8380,9.2488,-0.0099,-0.2930,-50.1549,-17.269,-20.440,-48.562,0
I,601832857,5.3079,0.4238,9.2273,0.1120,-0.2321,-47.4720,-16.909,-17.571,-48.562,0
I,601842859,7.7357,0.9194,9.1195,0.0816,-0.1101,-11.4049,-17.988,-19.005,-49.256,0
I,601852857,0.7326,0.9098,9.2560,0.0816,-0.2930,5.7902,-17.988,-18.288,-46.134,0
I,601862857,-1.2977,0.2274,9.2057,0.1730,-0.1711,3.8085,-17.269,-18.288,-47.869,0
I,601872857,-1.8292,0.1796,9.2153,0.0816,0.1948,-3.3561,-17.808,-19.185,-47.348,0
I,601882858,-0.3208,0.2514,9.2703,-0.1319,1.5972,-10.5512,-17.629,-18.647,-47.869,0
I,601892857,0.2035,0.6153,9.4954,-1.0160,1.2618,-8.9963,-17.629,-20.081,-48.216,0
I,601902860,-0.5962,0.8571,10.6662,-4.1563,0.3167,-8.3866,-16.909,-20.440,-46.481,0
I,601912857,-1.1779,0.6488,11.0373,-12.8758,-1.5430,-11.7098,-17.629,-19.364,-48.562,0
I,601922858,-0.5722,0.2155,8.1954,-15.4672,-0.3540,-15.1244,-16.909,-18.647,-47.869,0
I,601932857,0.3328,0.3926,8.6024,-8.5770,-6.1162,-14.8805,-17.449,-19.902,-48.042,0
I,601942857,1.3767,0.3472,9.4499,-7.9367,-9.2565,-10.5512,-17.449,-19.902,-47.695,0
I,601952857,1.5323,0.0551,9.8689,-7.3270,-21.5126,-6.4963,-17.808,-19.185,-47.348,0
I,601962858,0.7254,0.2298,9.9958,-7.0221,-39.7138,-6.6183,-16.189,-20.081,-47.869,0
I,601972857,-0.0431,0.7039,10.1347,-7.6014,-53.8296,-12.1976,-17.629,-19.005,-48.216,0
I,601982857,0.1006,0.8380,10.0533,-9.7355,-65.6589,-15.6122,-17.449,-18.826,-46.655,0
I,601992857,0.2801,0.5531,8.8801,-11.4123,-65.9333,-13.1122,-18.708,-19.364,-47.522,0
I,602002857,-0.0503,0.6560,9.1913,-14.0038,-45.5979,-11.4049,-17.988,-18.288,-45.788,0
I,602012857,-0.4669,0.4453,9.7995,-21.5343,-18.2199,-18.0817,-20.147,-18.647,-46.481,0
I,602022861,0.5171,-0.2705,9.7851,-24.8575,-14.3479,-24.6061,-17.988,-17.930,-46.828,0
I,602032857,1.3288,-0.5818,9.1698,-25.6806,-20.0796,-21.4354,-18.528,-19.543,-47.002,0
I,602042857,1.7861,-0.2777,8.4348,-20.3148,-38.4333,-15.0024,-18.888,-17.392,-45.614,0
I,602052857,1.6089,0.0383,9.0836,-11.3514,-67.8235,-11.7707,-19.607,-18.468,-46.308,0
I,602062857,1.3072,0.4238,10.4267,-7.6623,-100.2930,-13.6000,-18.708,-19.005,-47.869,0
I,602072857,1.1803,0.6632,11.1594,-10.2843,-111.9394,-13.9963,-21.046,-17.033,-48.042,0
I,602082858,0.8260,0.1676,10.8840,-10.8941,-103.7991,-12.3500,-21.766,-19.185,-45.614,0
I,602092857,0.8380,-0.3496,9.6893,-2.5404,-86.6040,-8.0817,-21.226,-19.005,-46.828,0
I,602102857,1.2378,-0.1030,8.9519,14.2584,-58.7991,-4.7585,-22.126,-17.392,-46.308,0
I,602112857,1.3886,-0.0335,9.2680,29.1364,-29.3174,-4.6671,-21.946,-18.288,-45.441,0
I,602122857,1.8387,0.0072,9.3805,36.8194,-6.2382,-6.1610,-22.305,-19.364,-45.094,0
I,602132859,2.1931,0.2658,8.8514,39.1974,-8.7382,-6.4659,-23.385,-18.288,-44.747,0
I,602142857,2.2601,0.2945,8.8202,36.4535,-39.5918,-6.5268,-23.025,-20.440,-45.788,0
I,602152857,2.2098,0.8212,9.8713,24.6242,-69.6833,-4.6671,-22.485,-19.902,-44.573,0
I,602162857,1.6712,0.4788,10.2520,7.1852,-92.8540,-1.2220,-23.745,-20.440,-45.094,0
I,602172857,1.9489,0.3376,9.7779,-6.0465,-105.8418,1.7659,-22.665,-19.005,-43.013,0
I,602202857,3.1244,0.3448,9.2129,-2.2660,-93.6162,4.5402,-25.363,-19.185,-41.798,0
I,602212857,3.2034,0.0287,8.9591,8.0389,-85.6589,2.1317,-26.803,-18.826,-42.145,0
I,602222857,3.3399,0.1221,8.9615,16.6669,-85.0796,2.1622,-25.543,-20.798,-42.666,0
I,602232857,3.2250,0.2705,9.0501,20.3864,-80.9333,2.7720,-28.421,-20.440,-40.931,0
I,602242857,3.0047,0.6345,8.9088,19.6242,-77.4577,3.6561,-27.342,-20.440,-41.972,0
I,602252857,2.5977,0.6153,8.7484,15.5998,-73.0369,4.9366,-28.601,-19.902,-41.105,0
I,602262857,2.8563,1.0295,7.3909,12.3377,-70.7504,4.8146,-28.421,-19.005,-40.238,0
I,602272857,3.2513,0.6680,6.9887,10.2035,-71.2382,6.6134,-29.141,-19.723,-40.584,0
I,602282857,2.9832,1.0654,7.5489,1.0572,-70.7504,8.1378,-28.421,-20.440,-40.584,0
I,602292857,3.7541,1.0151,8.0254,-11.5953,-80.0491,9.1744,-29.681,-19.543,-40.064,0
I,602302857,3.9193,0.6943,7.9727,-21.2904,-80.3845,12.0402,-29.141,-18.647,-38.850,0
I,602312860,4.0510,0.9505,8.2456,-25.1928,-83.0065,10.2720,-29.321,-20.261,-39.370,0
I,602322858,4.3431,0.6393,8.3462,-23.1197,-84.6833,8.4427,-29.501,-18.288,-38.503,0
I,602332857,4.2138,0.4334,8.1092,-14.8880,-81.9089,7.0707,-31.300,-19.723,-38.503,0
I,602342857,4.0677,0.4597,7.9033,-2.8148,-68.1589,4.2354,-32.739,-19.005,-38.156,0
I,602352857,4.2162,0.6847,8.0278,7.6425,-47.6406,4.7232,-32.919,-20.619,-37.289,0
I,602362857,4.0414,0.6416,7.9751,13.8620,-21.4211,10.1805,-31.479,-17.033,-37.636,0
I,602372860,3.9935,0.4214,7.4555,17.6120,7.7862,12.9244,-30.760,-19.185,-36.595,0
I,602382857,4.1084,0.6680,6.7708,20.4779,25.3472,12.6805,-30.580,-19.723,-36.422,0
I,602392858,4.1396,0.6512,6.4500,20.6303,33.7313,9.2963,-32.919,-20.261,-37.983,0
I,602402857,4.4556,1.0726,6.2920,15.3864,32.3899,6.1256,-32.559,-20.619,-37.289,0
I,602462857,3.3375,0.3496,7.3119,-26.9002,62.7252,-3.7829,-30.940,-20.081,-37.116,0
I,602472858,2.9712,0.4764,7.7764,-18.1502,93.8228,-3.9659,-30.940,-18.647,-38.850,0
I,602482857,3.5674,0.5938,8.1235,-9.7050,132.2070,-0.0329,-30.220,-19.723,-40.238,0
I,602492858,3.6847,0.2729,7.5657,0.3864,161.1399,2.4976,-30.220,-18.647,-39.197,0
I,602502857,3.4141,0.0239,7.9942,9.2584,161.3533,-1.7707,-30.040,-19.185,-40.064,0
I,602512857,3.0837,0.1197,8.3103,10.8133,145.4082,-9.1488,-29.861,-16.854,-39.891,0
I,602522857,2.8419,0.3926,8.7652,4.7462,137.1155,-14.3317,-27.702,-19.364,-41.972,0
I,602532857,2.1668,0.8140,9.2296,-9.2477,135.5606,-13.1732,-27.702,-19.364,-41.972,2
I,602542858,1.5682,0.7422,9.1004,-22.6623,143.0911,-6.9232,-25.723,-17.033,-42.839,0
I,602552857,1.1875,0.3089,8.8107,-28.1502,166.4448,0.5463,-23.385,-19.005,-44.053,0
I,602562857,0.8140,0.0814,8.7412,-25.1319,190.1948,6.0646,-24.824,-18.647,-45.441,0
I,602572857,0.6081,-0.0431,8.8585,-18.3941,205.8655,9.0829,-21.946,-18.288,-46.481,0
I,602582857,0.7111,-0.1053,9.2249,-10.7111,213.5789,9.6012,-20.507,-17.930,-46.481,0
I,602592857,0.7638,0.2346,10.1754,-7.6623,212.7557,9.0220,-19.068,-16.137,-47.522,0
I,602602859,0.7685,0.2969,10.5824,-9.2172,207.5728,8.8390,-15.830,-19.005,-47.522,0
I,602612857,0.9026,-0.0694,10.4842,-11.0160,201.6277,8.6256,-16.010,-18.468,-48.389,0
I,602622858,0.2634,-0.1820,10.1323,-11.2599,195.4996,6.5220,-15.650,-16.675,-49.430,0
I,602632857,-0.7015,-0.4022,9.1339,-9.7660,181.6582,-0.8561,-14.750,-16.854,-49.950,0
I,602642857,-1.2857,0.0694,8.6431,-7.0526,161.3533,-8.8134,-12.592,-17.571,-49.950,0
I,602652857,-1.5131,0.3424,9.0668,-9.1867,165.5606,-12.0756,-12.052,-17.033,-51.164,0
I,602662859,-2.1859,0.6081,9.1028,-16.0770,185.6826,-8.5085,-10.973,-17.392,-50.470,0
I,602672857,-2.3894,0.6632,8.9807,-22.5709,209.8289,-1.7098,-11.153,-16.854,-49.603,0
I,602682857,-2.4972,0.3472,8.7221,-25.8636,228.3655,6.2171,-8.454,-17.750,-50.123,0
I,602692857,-2.5522,0.0551,8.2863,-24.2782,229.4021,9.3573,-6.476,-17.213,-52.031,0
I,602702857,-2.2434,-0.2203,8.1451,-19.0648,215.7740,8.8085,-4.677,-17.930,-51.684,0
I,602712858,-2.0351,-0.1125,8.6814,-14.4002,191.8411,5.5159,-3.957,-16.495,-52.725,0
I,602722857,-2.4517,-0.1460,9.1028,-14.3087,162.1765,1.2171,-1.259,-18.826,-51.164,0
I,602732857,-3.3926,-0.0934,9.0477,-16.1380,138.9143,-5.4293,-2.518,-16.854,-51.338,0
I,602772857,-5.0278,-0.3112,9.1554,-14.6441,234.9509,-2.4720,2.338,-16.675,-51.164,0
I,602782861,-5.0446,-0.1604,8.1666,-15.9245,270.8045,3.8390,3.598,-16.495,-50.644,0
I,602792857,-4.2234,-0.3376,6.7971,-11.8087,267.3289,10.4549,4.317,-15.778,-50.644,0
I,602802857,-4.1300,-0.2322,6.0980,-10.0099,236.4143,15.1195,7.735,-17.750,-50.470,0
I,602812858,-4.5586,-0.3112,5.5593,-9.7355,198.8533,10.0280,7.555,-15.061,-49.950,0
I,602822858,-5.1236,-0.3639,5.0757,-11.9611,144.1887,0.7598,7.375,-15.599,-49.777,0
I,602832857,-5.6958,-0.3807,6.0166,-17.1136,82.6338,-8.0817,11.692,-15.240,-49.083,0
I,602842860,-7.3430,-0.2753,7.0174,-27.9977,56.9935,-12.3500,10.253,-16.675,-48.736,0
I,602852857,-8.8107,-0.4070,6.7469,-36.3209,64.7679,-13.7829,9.714,-14.344,-48.909,0
I,602862857,-9.7779,-0.7183,6.5314,-36.1075,94.2192,-8.7220,10.613,-15.599,-48.389,0
I,602872857,-9.0333,-0.8763,6.1292,-31.1989,137.9387,4.8451,11.513,-13.985,-47.869,0
I,602882857,-8.4515,-0.7230,5.4708,-20.5282,179.4631,21.8878,12.592,-15.061,-46.481,0
I,602892857,-7.9631,-0.7733,5.6767,-8.5770,191.5667,30.8207,13.851,-14.882,-46.308,0
I,602902857,-6.9935,-0.4812,6.1292,-1.0465,182.4204,28.0159,15.290,-14.523,-45.614,0
I,602912857,-6.1100,-0.3759,6.0214,2.1852,156.7801,20.7598,16.369,-15.957,-45.267,0
I,602922857,-5.8251,-0.3184,6.0334,2.3986,123.5789,10.8207,15.830,-15.420,-44.747,0
I,602932857,-6.2010,-0.2945,6.0789,-0.3148,87.8167,-0.7341,16.369,-14.523,-43.880,0
I,602942857,-7.7476,0.0670,5.9137,-3.8819,60.1643,-11.1305,17.449,-14.523,-44.920,0
I,602952857,-8.7245,-0.0479,5.4205,-5.7721,60.8960,-15.0634,17.988,-13.627,-43.013,0
I,602962857,-9.2703,-0.4310,4.5179,-3.7599,88.2740,-10.6427,19.068,-14.344,-42.319,0
I,602972857,-9.3039,-0.6201,3.6655,2.6120,120.3167,-2.6854,18.528,-15.240,-42.145,0
I,602982858,-9.0453,-0.7757,3.6129,7.9474,146.0484,5.3329,20.866,-14.702,-41.625,0
I,602992857,-8.6407,-0.7398,3.7254,8.0694,160.5911,9.9366,19.967,-15.240,-42.145,0
I,603002858,-8.6287,-0.6105,3.6751,5.0511,158.4265,9.7537,20.327,-14.523,-41.452,0
I,603012857,-8.8107,-0.9337,4.0055,0.9657,134.3106,6.6134,21.226,-15.061,-39.544,0
I,603022857,-8.4563,-0.4286,2.9904,-4.1867,99.4021,2.7720,22.305,-14.702,-39.891,0
I,603032858,-8.9567,-0.4022,3.3615,-6.3819,67.3899,2.4061,23.205,-16.316,-37.636,0
I,603042857,-9.9240,-0.4118,3.4931,-6.6867,45.4996,2.4061,23.745,-16.137,-37.809,0
I,603052857,-10.2376,0.0048,3.2274,-8.6684,46.9021,4.3573,24.104,-16.495,-37.809,0
I,603062857,-10.4004,-0.2777,2.6552,-6.3209,77.1765,9.8756,23.385,-16.137,-38.156,0
I,603072859,-10.6422,-0.6584,2.0877,-1.3209,111.3838,14.7841,25.903,-16.137,-35.728,0
I,603082857,-10.0772,-0.6153,2.1452,-0.3758,150.1033,15.4854,24.464,-16.137,-36.075,0
I,603092857,-9.4547,-0.4429,2.2936,-4.8270,173.9143,11.4915,26.263,-16.137,-36.075,0
I,603102857,-8.5353,-0.3208,2.3176,-8.6075,175.3167,5.6378,26.443,-17.033,-34.167,0
I,603112857,-7.8530,-0.1173,2.3391,-7.4184,153.6094,0.4854,25.723,-15.599,-34.514,0
I,603122857,-7.4172,-0.0287,1.9537,-1.3514,112.1155,-3.4780,27.882,-16.675,-31.045,0
I,603132860,-7.6207,-0.1772,1.7789,5.3559,60.6826,-7.5024,28.421,-16.854,-32.606,0
I,603142857,-8.3989,-0.0766,1.9417,7.4901,24.4630,-10.6427,28.421,-15.420,-31.913,0
I,603152858,-9.5385,0.0096,1.9489,5.1730,19.0057,-11.1915,30.040,-15.599,-31.392,0
I,603162857,-10.5297,-0.1413,1.6113,3.5877,38.6399,-7.1671,28.242,-16.675,-31.045,0
I,603172857,-10.7069,-0.5411,0.8547,4.2584,77.1155,0.6988,29.321,-17.033,-31.045,0
I,603182857,-10.4028,-0.6608,0.6201,3.0084,117.4509,9.2963,30.040,-15.957,-28.964,0
I,603192858,-9.7659,-0.6464,0.5555,-1.9916,141.2314,11.9488,28.062,-14.344,-29.831,0
I,603222857,-8.2241,-0.3424,0.9936,-2.9367,87.2374,-1.1305,32.199,-17.033,-26.536,0
I,603232857,-8.6933,-0.2993,0.6177,2.3986,47.0850,-8.7524,31.120,-15.599,-26.883,0
I,603242857,-9.3087,-0.4381,0.2107,8.5877,6.4752,-13.7829,32.919,-15.240,-25.495,0
I,603252857,-10.4435,-0.3687,0.1006,11.8194,-15.8113,-16.0085,31.659,-17.213,-25.669,0
I,603262857,-11.6358,-0.2011,-0.2849,11.2401,-6.1772,-14.8195,29.501,-16.137,-24.628,0
I,603272857,-11.9926,-0.5674,-0.7278,9.8377,34.2191,-9.7585,28.961,-17.392,-26.189,0
I,603282857,-11.3725,-0.7494,-0.9601,7.1547,82.3594,0.3329,31.120,-15.599,-26.189,0
I,603292857,-10.3406,-0.6728,-0.7015,0.6608,111.3228,11.4610,31.120,-15.599,-23.761,0
I,603302857,-9.4164,-0.5219,-0.5938,-6.8392,110.4996,17.2232,33.278,-15.599,-22.373,0
I,603312858,-8.4851,-0.3352,-0.4070,-9.4306,82.2374,18.0463,32.019,-16.495,-22.547,0
I,603322857,-8.2959,-0.1652,0.0527,-6.4123,40.8960,15.5463,33.278,-16.675,-23.067,0
I,603332857,-8.3462,-0.0263,0.3831,-1.3514,0.2557,10.8207,33.458,-15.778,-21.159,0
I,603342857,-8.5090,-0.0168,0.3089,5.0816,-33.3113,7.3146,33.098,-16.854,-22.200,0
I,603352857,-9.1435,0.0790,-0.1269,12.4596,-65.9028,5.7293,33.278,-16.675,-23.067,0
I,603362859,-9.9048,-0.1604,-0.2107,20.1425,-103.8906,2.6805,32.739,-16.137,-23.241,0
I,603372857,-10.0102,-0.5914,0.3639,20.8133,-114.9272,-2.0451,33.278,-15.957,-22.720,0
I,603382857,-10.3142,-0.4214,0.2658,13.5572,-99.1955,-8.4780,32.379,-16.495,-25.322,0
I,603392857,-10.5872,-0.4860,0.0311,6.4230,-72.7321,-12.0451,31.120,-17.033,-24.802,0
I,603402857,-10.5465,-0.4788,-0.1580,4.3194,-45.7809,-10.2463,30.400,-16.316,-25.148,0
I,603412857,-10.5129,-0.3089,0.1820,3.6791,-29.4699,-3.1732,30.400,-15.957,-27.577,0
I,603422859,-10.0485,-0.2849,0.6752,0.6303,-23.3113,5.7598,30.220,-15.778,-25.669,0
I,603432857,-9.5505,-0.1772,0.9792,-3.3941,-28.0979,13.8390,30.400,-15.599,-26.536,0
I,603442857,-9.0764,-0.2658,0.8954,-4.5526,-47.9455,18.5037,31.300,-16.137,-26.016,0
I,603452857,-8.7029,-0.5171,0.7326,-0.3758,-80.9028,20.1195,31.120,-16.675,-27.230,0
I,603462857,-8.6143,-0.1891,1.0223,3.8925,-118.3723,18.6561,30.580,-16.854,-28.097,0
I,603472857,-9.0980,-0.5028,0.6895,5.8133,-158.4943,12.5280,29.501,-17.930,-28.444,0
I,603482857,-9.5457,-0.5435,1.0726,6.7584,-188.4943,3.9000,28.421,-17.213,-28.444,0
I,603542861,-9.2799,-0.2011,2.8802,2.9779,-107.3357,18.2293,25.543,-17.930,-34.688,2
I,603552857,-8.5497,-0.2394,3.4405,1.3925,-117.8235,21.0951,25.184,-15.778,-36.422,0
I,603562857,-8.1283,-0.5243,3.3519,0.7523,-139.9272,20.5463,23.025,-17.571,-37.809,0
I,603572857,-8.0325,-0.3974,3.7086,2.4901,-170.5065,15.4244,23.385,-18.647,-37.463,0
I,603582858,-8.0373,-0.2083,4.4149,2.0938,-196.0247,9.3573,20.866,-17.571,-39.891,0
I,603592858,-8.2720,-0.2801,4.4915,0.5389,-216.1467,4.8146,19.967,-16.316,-40.064,0
I,603602857,-8.4180,-0.0335,4.6232,-1.1989,-226.9699,1.4915,18.708,-17.213,-42.666,0
I,603612857,-8.6766,0.1413,5.3534,-7.0221,-223.3418,0.2110,17.269,-16.854,-43.706,0
I,603622858,-9.0908,0.1891,5.4612,-13.9428,-202.7321,-0.6427,16.909,-16.854,-44.053,0
I,603632857,-9.3230,0.2035,5.3582,-15.3758,-170.9638,-0.6122,14.750,-17.571,-44.053,0
I,603642857,-8.7101,-0.2514,4.9536,-10.2233,-146.9699,2.9854,14.750,-16.495,-46.134,0
I,603652857,-7.8817,-0.3160,5.0996,-1.0770,-131.6650,10.5463,14.930,-18.826,-45.267,0
I,603662858,-7.2927,-0.2155,5.3989,5.5694,-142.5491,15.9732,12.772,-17.033,-47.348,0
I,603672857,-6.7181,-0.0527,6.0813,5.9352,-166.4211,14.9366,11.153,-15.420,-48.562,0
I,603682857,-6.4811,0.1101,6.4931,1.0572,-189.8053,8.4427,11.333,-17.033,-47.695,0
I,603692857,-5.8873,-0.1604,6.5721,-3.1806,-214.7443,1.4305,8.634,-17.930,-49.603,0
I,603702857,-6.0597,-0.1867,6.7828,-5.9550,-229.5309,-1.9232,8.994,-16.495,-49.950,0
I,603712857,-6.0430,0.1891,7.2640,-9.0648,-233.2504,-2.4720,7.015,-15.957,-49.430,0
I,603722857,-5.8634,0.2538,7.6591,-11.4428,-227.7321,0.9122,5.217,-15.599,-51.164,0
I,603732857,-5.6527,0.1317,8.2744,-12.4489,-213.1284,5.5463,4.317,-17.571,-51.684,0
I,603742857,-5.4660,0.2035,8.0852,-11.5343,-190.9028,8.7171,1.619,-14.882,-50.470,0
I,603752857,-4.6591,0.0239,7.7979,-7.0831,-168.6467,9.8451,2.159,-16.854,-53.072,0
I,603762857,-3.9289,-0.2203,7.7405,0.0511,-153.3113,9.6927,1.979,-17.392,-51.511,0
I,603772857,-3.5338,-0.1844,7.9966,5.7218,-161.8784,6.4610,0.000,-16.495,-52.378,0
I,603782858,-2.9904,-0.3232,8.2456,7.2157,-179.7747,2.3146,-1.079,-17.571,-52.378,0
I,603822857,-3.5314,0.1077,8.5114,-12.9367,-231.4821,-7.8683,-7.555,-16.495,-52.031,0
I,603832859,-3.4500,0.1820,8.6838,-16.2904,-205.2321,-3.1732,-9.534,-17.392,-53.592,0
I,603842857,-3.1196,0.0910,8.5712,-14.5526,-167.1223,2.0707,-9.714,-15.420,-52.725,0
I,603852857,-2.2913,0.0766,8.5569,-7.9062,-129.7138,6.1256,-10.613,-16.675,-51.164,0
I,603862857,-1.1516,-0.2131,8.4755,1.1791,-112.5491,9.5402,-10.793,-15.420,-52.031,0
I,603872858,0.6225,-0.4142,8.6910,10.1120,-134.0735,12.1927,-11.872,-15.778,-52.725,0
I,603882857,0.9146,-0.6464,9.2296,12.7035,-192.1528,12.3451,-13.491,-15.957,-51.511,0
I,603892858,0.7470,-0.8092,9.7827,8.1303,-263.7382,6.2476,-15.470,-17.571,-50.297,0
I,603902858,-0.2466,-0.2107,10.3813,-3.4550,-315.1711,-1.6488,-16.549,-14.702,-49.603,0
I,603912857,-0.8978,0.1269,10.8338,-21.0465,-318.1894,-8.0817,-19.247,-15.599,-48.736,0
I,603922857,-1.6257,0.0958,9.9407,-36.5343,-278.7077,-8.4780,-20.147,-14.702,-47.869,0
I,603932857,-1.5562,0.0934,9.0860,-41.7477,-219.4699,-7.4720,-20.866,-16.495,-48.909,0
I,603942858,-0.2322,0.1652,8.6766,-38.2111,-148.8601,-6.2829,-23.745,-14.702,-47.175,0
I,603952857,1.8100,0.0359,8.2672,-28.4855,-92.9760,-0.4902,-25.363,-15.957,-45.961,0
I,603962857,3.4860,-0.6225,7.9440,-14.4916,-93.9211,4.4793,-24.644,-16.316,-45.961,0
I,603972857,4.5059,-0.9409,8.2959,-1.2904,-162.7321,4.1134,-25.543,-13.627,-46.134,0
I,603982857,4.4053,-0.7111,9.5577,1.6059,-247.1223,-1.3439,-26.083,-15.240,-45.961,0
I,603992857,3.8044,-0.0575,10.7117,-8.1197,-303.1284,-9.0878,-28.781,-14.702,-44.747,0
I,604002857,2.7222,0.3424,10.8793,-24.6136,-301.6650,-13.3866,-29.681,-16.316,-43.880,0
I,604012861,1.8411,0.0766,9.2536,-35.4367,-245.7504,-13.2037,-31.120,-14.882,-40.064,0
I,604022857,2.0255,-0.3472,6.7133,-28.5160,-165.7809,-11.2220,-31.300,-15.778,-39.891,0
I,604032857,2.9521,-0.5698,5.6048,-8.7599,-92.6101,-4.6061,-33.098,-14.344,-38.156,0
I,604042858,4.3694,-0.6752,6.2441,11.9413,-50.5370,4.6317,-31.839,-13.806,-40.411,0
I,604052857,5.0877,-0.8475,7.0988,23.6486,-72.0004,9.0220,-33.098,-15.778,-39.544,0
I,604062857,5.7221,-0.8523,8.8035,22.7035,-132.6406,5.5768,-32.739,-16.137,-37.809,0
I,604072857,5.0278,-0.0718,10.4794,5.6303,-172.1528,-2.4720,-33.638,-14.882,-35.208,0
I,604082857,4.7477,0.4142,10.7428,-18.9428,-161.5430,-8.3561,-34.538,-14.702,-36.769,0
I,604092857,4.7812,0.0742,8.8609,-32.5709,-132.2747,-4.4841,-36.156,-17.033,-35.902,0
I,604102857,5.1739,-0.5770,6.9384,-26.1380,-123.9516,7.8634,-35.977,-16.137,-35.381,0
I,604112857,5.4468,-0.8188,6.1842,-8.6075,-137.0613,17.7110,-37.416,-14.702,-33.300,0
I,604122857,5.7174,-0.7997,6.7014,7.0328,-140.2321,19.6622,-36.516,-14.882,-32.086,0
I,604132857,5.9927,-0.6009,7.3622,13.8316,-127.7321,14.4793,-37.236,-15.599,-31.045,0
I,604142857,6.2441,-0.5195,7.3191,13.4657,-115.2016,8.7171,-37.596,-15.240,-32.086,0
I,604152857,6.4643,-0.6201,7.0533,10.5084,-103.0369,6.0951,-37.775,-15.778,-30.525,0
I,604162857,6.5649,-0.5722,6.7325,7.0938,-104.2869,6.1561,-40.474,-13.447,-29.658,0
I,604172857,6.4979,-0.5363,6.8450,3.9535,-116.2077,6.5220,-39.214,-16.495,-28.791,0
I,604182858,6.6128,-0.2298,7.3574,-1.0465,-117.8235,6.4305,-39.035,-15.240,-26.883,0
I,604192857,7.1347,-0.2634,7.0988,-5.4977,-108.4028,7.3451,-39.574,-15.420,-25.669,0
I,604202858,7.4388,-0.4932,6.4763,-5.4672,-106.7260,9.3878,-41.013,-15.061,-27.056,0
I,604212857,7.5753,-0.8164,5.9616,-2.2660,-109.9272,12.0098,-42.272,-14.882,-25.148,0
I,604222857,7.4148,-1.0942,5.2960,1.9413,-113.9211,12.9244,-41.013,-15.061,-24.628,0
I,604232857,7.4196,-0.8092,5.1188,6.4535,-118.3418,12.9854,-41.913,-14.523,-24.455,0
I,604242857,7.0078,-0.6847,5.2720,7.4596,-120.2626,11.5829,-42.093,-13.985,-23.241,0
I,604252857,7.4675,-0.4190,5.5186,4.0755,-106.8784,7.3146,-42.992,-14.164,-21.680,0
I,604262857,7.8314,-0.4429,5.1164,-0.2538,-86.7260,4.7232,-41.913,-14.164,-21.680,0
I,604272857,8.1906,-0.8859,4.8602,-1.8392,-72.7016,5.2415,-41.913,-13.806,-21.333,0
I,604282857,8.0038,-0.9433,4.7381,-0.8331,-68.6772,5.3329,-43.532,-14.702,-21.159,0
I,604292857,8.1092,-0.9649,4.9728,0.3559,-72.8845,4.9976,-42.632,-14.882,-18.211,0
I,604302859,8.2672,-0.9098,5.2218,-0.0099,-69.4089,5.3329,-44.431,-13.089,-18.905,0
I,604312857,8.0086,-0.4501,5.3582,-2.0526,-61.5430,6.4000,-43.172,-11.834,-18.731,0
I,604322857,7.8410,-0.4142,4.8243,-3.3941,-55.4760,6.5829,-43.712,-13.089,-17.517,0
I,604332857,7.5465,-0.6847,3.5314,0.5694,-59.4089,7.0098,-43.891,-14.344,-16.997,0
I,604342857,7.5657,-1.1325,3.1651,8.9535,-69.6833,9.9976,-43.891,-12.909,-17.691,0
I,604352858,7.4843,-0.6991,4.0342,13.2523,-69.8052,12.6805,-43.532,-14.702,-15.956,0
I,604362859,7.4124,-0.1389,4.6855,9.1059,-62.0613,11.5220,-44.431,-13.447,-15.089,0
I,604372857,8.0804,-0.7039,4.5897,3.0084,-60.2930,9.7232,-43.172,-13.268,-14.569,0
I,604382857,8.3127,-1.0295,4.5011,-1.1380,-48.4333,6.8878,-44.251,-13.627,-14.222,0
I,604392857,7.7859,-0.5363,4.4388,-3.5160,-42.9455,-1.1610,-43.891,-13.268,-15.956,0
I,604402857,8.1092,-0.4956,4.5993,-3.9428,-39.1040,-10.7646,-42.812,-13.268,-14.569,0
I,604412858,8.2959,-0.6776,4.1922,-1.2904,-28.8906,-13.2341,-43.532,-13.627,-14.569,0
I,604422858,8.8538,-0.9792,4.1013,4.3498,-15.3540,-9.9720,-43.532,-13.627,-14.569,2
I,604432857,8.4396,-0.7470,3.8235,10.0816,0.1643,-5.8561,-43.891,-13.985,-14.916,0
I,604442857,8.2720,-0.5794,3.9600,13.7706,0.9874,-5.8866,-44.611,-13.627,-14.222,0
I,604452857,8.1882,-0.6393,3.9433,14.0450,11.7191,-8.5390,-43.352,-13.089,-13.008,0
I,604462858,8.4467,-0.5267,3.7517,11.7584,31.2009,-8.3561,-45.510,-13.806,-14.048,0
I,604472857,8.1044,-0.5435,3.1891,8.9535,44.5850,-6.1000,-43.172,-13.627,-14.569,0
I,604482861,7.7812,-0.4477,2.8994,6.1486,55.1643,-5.7951,-44.431,-14.164,-13.702,0
I,604492857,7.8985,-0.2059,3.3208,1.6974,69.0362,-5.9171,-43.891,-15.061,-16.303,0
I,604502857,8.3175,-0.2873,3.7781,-5.1623,80.6826,-3.6000,-43.532,-13.627,-14.916,0
I,604512857,8.0637,-0.4693,3.9624,-11.4428,86.4448,-2.6549,-44.791,-14.882,-16.477,0
I,604522857,8.0637,-0.5842,4.1324,-14.1258,90.2862,-4.4841,-44.251,-15.061,-16.997,0
I,604532858,7.6782,-0.3903,4.7405,-15.3758,97.7253,-10.2768,-43.532,-15.420,-18.731,0
I,604542857,7.6614,-0.4741,5.2960,-15.5892,118.0301,-18.8744,-44.431,-13.806,-18.558,0
I,604552857,8.0086,-0.6656,5.5905,-15.0099,141.5362,-23.5390,-44.071,-13.447,-19.945,0
I,604562858,7.8961,-0.5722,5.4372,-13.7294,158.2131,-21.3744,-42.093,-13.985,-21.853,0
I,604572857,7.4053,-0.4788,4.5969,-9.4002,146.0789,-16.8927,-41.913,-14.882,-20.986,0
I,604582857,6.9815,-0.6321,4.6902,-3.1806,130.1643,-14.0268,-43.532,-15.778,-23.934,0
I,604592859,6.6080,-0.6416,4.4939,0.6303,126.9326,-12.1061,-41.913,-13.447,-24.108,0
I,604602857,5.9664,-0.4621,3.9624,4.8377,128.3350,-12.0451,-41.193,-15.957,-24.455,0
I,604612857,5.3415,-0.2155,4.5394,6.6669,149.3716,-15.5207,-40.474,-16.316,-25.148,0
I,604622857,6.0765,-0.0335,5.7437,1.8498,193.1826,-19.6671,-40.654,-15.420,-26.709,0
I,604632857,6.5218,-0.6776,6.8929,-9.0343,234.5850,-14.6671,-40.654,-15.778,-28.097,0
I,604642857,7.6184,-0.8068,7.2664,-19.4611,225.7131,-7.1061,-37.955,-15.240,-28.964,0
I,604652859,7.0294,-0.8499,8.1954,-28.7294,149.5240,-3.7220,-39.394,-15.240,-31.045,0
I,604692857,4.3981,-0.9888,7.1443,-65.3148,86.9326,-23.8134,-37.955,-14.164,-34.167,0
I,604702857,3.9480,-1.2139,5.6096,-47.5404,128.6094,-22.1976,-36.876,-14.164,-34.861,0
I,604712857,3.7948,-1.0511,5.2888,-22.9367,164.3411,-12.8378,-36.516,-15.240,-34.514,0
I,604722857,3.7062,-0.6321,5.8490,0.3559,198.7314,-2.7768,-35.257,-14.702,-35.728,0
I,604732858,3.7948,-0.6991,6.7971,15.5998,232.8777,0.8512,-35.617,-13.268,-38.503,0
I,604742857,4.1539,-0.9218,7.6423,19.8072,246.9631,-0.4293,-32.199,-14.523,-38.330,0
I,604752857,4.3551,-0.9385,8.7101,14.7157,215.5911,-5.7951,-33.098,-13.985,-40.584,0
I,604762857,4.4604,-0.8691,9.3996,2.4291,134.2191,-10.2768,-30.760,-16.675,-40.758,0
I,604772860,4.8028,-0.8380,9.8474,-12.8148,45.7740,-12.1671,-30.760,-14.523,-41.452,0
I,604782857,3.9097,-0.8715,10.0006,-27.5404,-2.9760,-15.9171,-30.040,-14.523,-42.839,0
I,604792857,3.0047,-0.8739,8.8753,-34.7050,2.5423,-25.7037,-29.501,-14.702,-42.319,0
I,604802857,2.5570,-0.6871,8.0517,-29.2782,29.6460,-29.8805,-29.141,-14.344,-41.625,0
I,604812858,2.0207,-0.9816,7.3813,-16.2904,58.9752,-22.7159,-29.141,-15.061,-43.013,0
I,604822857,1.9944,-0.8835,7.1706,-0.4977,88.3655,-15.0024,-29.501,-14.702,-42.319,0
I,604832860,1.9513,-0.8906,8.0948,8.7096,117.1460,-11.0390,-29.321,-13.806,-42.492,0
I,604892857,3.0885,-0.9457,10.3693,7.4901,-7.1223,-18.9049,-24.644,-15.240,-47.348,0
I,604902857,2.0470,-0.7757,10.8314,-1.8392,-55.3845,-31.1610,-24.284,-14.882,-47.002,0
I,604912857,1.4533,-0.9697,10.0389,-10.5892,-52.7321,-37.7159,-24.644,-15.240,-48.042,0
I,604922857,1.1947,-0.8356,8.6431,-9.1867,-22.4577,-34.8805,-23.745,-16.854,-47.869,0
I,604932857,1.2546,-0.8116,8.0110,-0.5282,23.0606,-29.1488,-23.565,-15.240,-46.308,0
I,604942857,1.3599,-0.7566,8.7245,7.3072,68.5789,-24.8805,-23.385,-15.420,-48.216,0
I,604952857,1.2378,-0.6009,9.4116,10.4474,106.4753,-22.2280,-23.745,-17.213,-46.828,0
I,604962857,1.5658,-0.8691,9.1961,12.1547,136.8106,-23.2341,-22.665,-15.778,-48.562,0
I,604972857,2.1380,-0.7805,9.3182,14.8377,138.2435,-22.9902,-21.406,-15.599,-47.348,0
I,604982857,2.8659,-0.8475,10.1131,14.4413,82.3899,-23.0207,-19.427,-15.061,-47.869,0
I,604992857,2.7701,-0.7254,10.0533,9.2584,-4.1040,-26.8317,-20.866,-15.778,-48.562,0
I,605002858,2.5905,-0.8092,9.5720,1.7279,-90.6894,-34.5451,-19.607,-15.599,-48.389,0
I,605012857,1.8172,-0.7901,9.7324,-9.3697,-132.3662,-40.7646,-20.507,-15.420,-48.562,0
I,605022857,1.1851,-0.0790,10.1275,-24.4002,-124.9577,-40.9781,-21.586,-15.061,-48.562,0
I,605032857,1.3719,-0.2849,8.9567,-31.2294,-79.8967,-32.5024,-20.866,-16.137,-47.869,0
I,605062859,3.2848,-0.5411,8.9567,2.5816,39.9813,-13.8134,-22.485,-15.599,-47.695,0
I,605072857,3.8523,-0.9218,9.3302,3.0694,22.5118,-19.4537,-21.046,-15.599,-47.695,0
I,605082858,3.4141,-1.2067,9.0644,-2.8148,-16.7565,-30.3683,-21.226,-17.213,-45.441,0
I,605092857,2.0255,-0.5387,11.0923,-18.2721,-49.1040,-42.1061,-21.226,-15.061,-49.256,0
I,605102857,1.6568,0.3807,11.9135,-41.9002,-52.3662,-41.6488,-22.665,-13.985,-46.828,0
I,605112857,1.0918,-0.5986,9.9982,-46.1989,-31.7870,-29.5146,-21.766,-15.957,-46.308,0
I,605122859,1.0678,-1.0104,8.7867,-26.3514,-5.8723,-17.7768,-23.025,-15.061,-47.175,0
I,605132857,1.4844,-1.0630,8.9040,2.0328,13.4570,-11.5268,-22.845,-16.316,-46.308,0
I,605142857,1.8244,-1.0151,9.2249,24.8986,28.4874,-11.1610,-23.745,-15.420,-48.909,0
I,605152857,2.0638,-0.8739,9.2608,37.4901,26.9326,-15.3683,-23.565,-16.316,-46.655,0
I,605162858,2.0446,-0.6416,9.1650,38.4047,19.0362,-21.4354,-21.946,-14.702,-47.869,0
I,605172857,1.8531,-0.3855,8.8705,30.3559,22.0545,-23.9659,-22.485,-14.523,-48.389,0
I,605182858,1.5610,-0.2155,8.5593,18.7096,34.3716,-19.3012,-21.946,-16.854,-47.869,0
I,605192858,1.1301,-0.1317,7.9320,8.0998,48.7313,-11.6183,-21.046,-15.957,-47.695,0
I,605232857,2.2218,-0.3089,9.5050,-25.2843,25.6521,3.4732,-19.967,-16.316,-49.777,0
I,605242860,2.0734,-0.8667,9.3996,-27.5404,16.5972,-4.6061,-19.967,-16.675,-48.042,0
I,605252857,2.2027,-1.0798,8.6143,-17.4184,12.8777,-10.2463,-19.967,-15.957,-48.736,0
I,605262857,1.8244,-0.9481,8.5784,-1.0770,9.7984,-13.3256,-19.787,-16.137,-48.909,0
I,605272857,1.4916,-0.9840,8.8131,10.6303,18.4874,-15.7037,-20.147,-17.213,-48.909,0
I,605282857,1.2043,-0.6847,8.7819,14.3194,32.0850,-15.0634,-18.708,-15.061,-48.909,0
I,605292857,1.2258,-0.5171,8.4755,11.7889,37.4204,-11.4354,-17.629,-16.495,-48.909,0
I,605302857,1.0463,-0.3160,8.4515,5.9962,43.7313,-5.7951,-17.449,-16.316,-48.736,0
I,605312857,1.3144,-0.1245,9.1243,-3.1502,54.9204,-0.8256,-18.168,-16.675,-48.736,0
I,605322857,1.3479,-0.2873,9.1746,-10.5282,58.5179,3.3512,-17.988,-16.854,-48.909,0
I,605332857,1.3934,-0.4932,9.1889,-10.2538,53.7923,3.6256,-17.449,-16.675,-50.817,0
I,605342857,1.2761,-0.7614,9.3518,-4.4611,49.2496,1.2171,-17.449,-16.316,-49.083,0
I,605352857,0.8954,-0.8619,9.4116,2.2157,39.6460,-1.6793,-16.729,-14.164,-49.430,0
I,605362857,0.3089,-0.9649,9.3182,7.8255,29.1887,-6.0695,-16.729,-15.599,-50.123,0
I,605372857,-0.0287,-0.9074,9.3182,9.2889,26.9630,-8.8439,-17.089,-17.033,-49.777,0
I,605382858,-0.2418,-0.7829,9.1530,6.3620,36.9631,-8.9049,-16.729,-17.392,-49.083,0
I,605392857,-0.1556,-0.7063,8.8107,1.5755,56.3838,-5.3683,-16.549,-17.213,-50.644,0
I,605402857,-0.1149,-0.6847,8.3821,-1.5648,75.5911,-0.4598,-16.549,-17.571,-49.256,0
I,605412857,-0.0479,-0.6177,7.9464,-3.1502,87.8472,4.5098,-16.909,-16.854,-49.950,0
I,605422857,-0.0599,-0.3879,8.8059,-6.8087,96.2618,9.0220,-13.851,-15.599,-49.430,0
I,605432857,0.8332,-0.2298,9.4643,-14.5831,88.8838,13.5951,-14.211,-15.240,-50.817,0
I,605442858,1.0008,-0.8284,9.1794,-17.1441,53.5179,12.9854,-13.491,-15.599,-50.470,0
I,605452857,0.5962,-1.1779,9.3613,-15.0709,10.8045,2.4061,-13.311,-16.495,-51.338,0
I,605462858,0.1652,-1.0678,9.7659,-14.8880,-7.2748,-11.1610,-13.851,-15.957,-50.817,0
I,605472857,-0.5938,-1.1995,8.8849,-13.8514,-3.0370,-18.0817,-13.491,-16.316,-52.898,0
I,605482857,-1.0151,-0.9074,8.7077,-9.6441,15.1643,-15.7646,-14.031,-16.495,-50.297,0
I,605492857,-1.0942,-0.6680,9.0812,-8.9733,39.0362,-6.1610,-13.311,-16.495,-49.950,0
I,605502857,-0.7111,-0.5387,9.0908,-9.5526,60.4996,4.0220,-14.571,-17.750,-50.470,0
I,605512857,-0.1101,-0.6057,8.9854,-7.4794,71.2313,11.4610,-12.952,-15.420,-52.378,0
I,605522857,0.5124,-0.7087,9.0644,-3.2416,73.0301,12.7110,-11.692,-15.599,-51.511,0
I,605532859,0.8188,-0.6488,9.1506,-0.0709,51.5057,7.8024,-11.153,-16.854,-52.378,0
I,605542857,0.8595,-0.9242,8.8370,0.7218,9.1887,-0.0939,-11.692,-15.957,-52.552,0
I,605552857,0.6057,-0.7350,9.0477,-2.9367,-29.7138,-7.0146,-13.131,-16.316,-52.205,0
I,605562857,-0.2346,-0.9529,8.6718,-12.7538,-46.1162,-12.3805,-10.433,-15.778,-52.725,0
I,605572857,-1.0918,-1.0223,8.1379,-21.0465,-38.0979,-15.8561,-12.952,-14.702,-50.991,0
I,605582857,-1.2402,-0.5746,8.5617,-28.8209,-16.7260,-13.1427,-11.692,-15.599,-50.817,0
I,605592859,-1.3599,-0.5363,8.9471,-35.1014,7.2374,-3.3256,-12.592,-15.420,-51.684,0
I,605602857,-1.1229,-0.3687,9.4667,-36.3209,26.3228,7.6805,-13.491,-14.523,-51.164,0
I,605632857,0.3328,-1.3168,10.0269,-3.2721,34.3411,14.9061,-11.513,-14.344,-52.031,0
I,605642857,0.3472,-1.5227,10.0892,5.6608,5.4996,3.5951,-11.333,-14.882,-51.858,0
I,605652857,0.1389,-1.5610,9.9790,7.4291,-27.1833,-5.7951,-11.333,-14.882,-52.898,0
I,605662857,-0.5507,-1.7095,9.0573,3.2828,-48.0370,-9.8195,-10.973,-14.882,-52.898,0
I,605672857,-1.3336,-1.8651,7.9248,-1.6562,-48.9516,-10.3683,-12.232,-15.061,-52.725,0
I,605682857,-1.6161,-1.1301,8.4922,-11.0160,-30.9638,-7.5634,-10.973,-14.523,-51.164,0
I,605692857,-1.4198,-0.6728,8.7197,-24.6441,-6.0857,0.4854,-11.692,-14.882,-51.511,0
I,605702857,-0.9074,-0.6129,8.3677,-32.0526,13.4265,10.3634,-12.232,-15.061,-51.338,0
I,605712857,-0.2849,-0.8188,8.3917,-30.1928,19.2496,17.5280,-12.052,-15.599,-52.552,0
I,605722857,0.3112,-0.9720,9.0956,-25.0709,13.4874,17.7720,-12.232,-14.344,-52.031,0
I,605732858,0.4118,-1.2115,9.2177,-19.8880,-1.9089,10.3329,-11.872,-13.627,-52.031,0
I,605742857,0.3903,-1.3168,9.2081,-15.1319,-23.4028,-0.9171,-12.592,-14.702,-52.725,0
I,605752857,0.2370,-1.3647,9.0309,-12.7538,-43.0674,-10.1549,-13.131,-14.523,-52.898,0
I,605762857,-0.3831,-1.5850,8.9184,-13.3331,-53.5248,-14.9720,-12.232,-12.909,-52.725,0
I,605772857,-0.9744,-1.1947,9.2991,-18.4245,-51.2991,-13.4780,-12.052,-13.447,-52.552,0
I,605782857,-1.1516,-1.5107,8.9711,-23.2416,-35.5370,-5.3378,-13.131,-13.089,-51.511,0
I,605792858,-0.8260,-1.8459,8.4228,-22.4489,-9.5309,5.4549,-14.031,-12.192,-50.644,0
I,605802858,-0.5052,-1.4820,8.2839,-16.1380,18.2130,14.1439,-13.851,-12.730,-51.511,0
I,605812857,-0.0168,-1.5610,8.6670,-9.7965,29.6765,17.8329,-13.311,-12.909,-53.072,0
I,605822858,0.5267,-1.5131,9.1435,-7.2965,21.4448,16.7963,-14.750,-12.551,-51.338,0
I,605832857,0.6369,-1.5443,9.5026,-9.4611,0.9570,10.7293,-13.131,-12.730,-52.552,0
I,605842857,0.4429,-1.4700,9.4571,-13.6380,-20.3845,-0.0939,-13.851,-13.089,-52.898,0
I,605852857,0.1580,-1.2354,9.4739,-16.9002,-35.6589,-9.9720,-14.031,-12.551,-51.338,0
I,605862857,-0.3376,-1.3958,10.2041,-13.9123,-33.7077,-15.8256,-14.211,-12.013,-52.205,0
I,605872857,-0.2059,-2.0710,9.2296,-1.0465,-32.4882,-16.5878,-14.211,-13.089,-52.898,0
I,605882858,-0.0886,-2.2242,8.9543,13.3438,-20.3235,-12.9598,-14.930,-13.089,-51.511,0
I,605892857,0.1700,-1.8364,9.1650,21.4535,-1.9699,-9.2402,-14.750,-12.909,-52.725,0
I,605902857,0.6680,-1.7549,9.4475,21.5755,13.6399,-7.5634,-15.650,-13.447,-52.552,0
I,605912857,0.5555,-2.0279,9.8474,17.5511,17.7252,-5.5207,-14.391,-12.909,-51.338,0
I,605922857,0.1317,-1.7047,10.0365,9.6852,5.5606,-3.1122,-14.750,-12.551,-53.072,0
I,605932857,0.0407,-1.3048,9.5337,-3.4550,-9.8662,1.7354,-12.952,-14.702,-52.031,0
I,605942857,-0.2825,-1.1636,8.7532,-16.5343,-20.0491,9.0524,-14.211,-13.806,-51.511,0
I,605952857,-0.4405,-1.1732,8.7556,-28.1197,-27.4882,11.9488,-14.930,-12.013,-52.205,0
I,605962857,-0.1269,-0.8428,9.4284,-39.9184,-22.8235,11.8878,-13.671,-14.344,-53.419,0
I,605972857,-0.6201,-0.5770,9.4930,-56.9916,-4.0430,11.2780,-15.290,-13.447,-52.205,0
I,606012857,-0.1221,-2.9521,8.4276,-35.1623,-2.3052,-11.2829,-15.650,-10.220,-52.552,0
I,606022857,0.0287,-2.3511,9.0357,-26.3514,-3.5857,-14.5146,-14.930,-10.937,-51.511,0
I,606032858,0.3160,-2.3798,7.3358,-11.9611,5.6216,-11.9537,-14.930,-10.937,-51.511,2
I,606042857,0.5650,-2.1572,9.3996,1.3925,1.0789,-5.3073,-14.571,-10.579,-52.552,0
I,606052857,0.0551,-1.8914,9.6151,3.4047,-14.9577,2.4366,-15.110,-11.834,-53.072,0
I,606062857,-0.3855,-1.4748,9.8785,1.3925,-18.0979,7.4671,-15.110,-10.758,-52.378,0
I,606072857,-0.3304,-1.3072,10.2089,-5.7721,-19.5309,10.6073,-14.750,-9.682,-54.113,0
I,606082857,0.1628,-1.6927,10.0389,-16.0770,-24.3784,13.7780,-15.110,-10.041,-53.766,0
I,606132857,0.0263,-2.9760,9.2009,-56.0160,23.6704,-23.7829,-16.010,-8.786,-52.552,0
I,606142857,-0.2729,-2.5714,9.2536,-54.1258,31.2313,-27.1671,-16.010,-8.068,-53.245,0
I,606152857,-0.6009,-2.2146,9.8426,-47.9062,28.2740,-30.7951,-16.549,-7.530,-53.072,0
I,606162858,-0.6345,-2.7509,9.4978,-42.0831,18.5484,-34.1793,-15.110,-7.172,-54.459,0
I,606172857,-0.3807,-2.9090,9.1075,-36.3514,1.9630,-34.3622,-15.110,-7.530,-53.072,0
I,606182857,-0.1963,-2.6240,8.6574,-32.3880,-16.8784,-32.4415,-15.110,-7.530,-54.459,0
I,606192857,0.4525,-2.4445,8.5712,-30.8026,-28.4028,-28.1427,-15.650,-6.275,-53.939,0
I,606202858,0.6632,-2.3080,8.5904,-31.6258,-32.5491,-21.2220,-14.391,-6.455,-54.113,0
I,606212857,0.7422,-2.8491,8.4467,-33.5465,-28.3113,-14.9720,-16.189,-6.813,-52.725,0
I,606222857,0.9601,-3.4979,7.9655,-34.8575,-18.0065,-10.7646,-16.189,-5.738,-52.725,0
I,606232857,0.9361,-3.5195,8.1283,-34.4002,-3.5248,-10.1244,-15.830,-7.172,-52.378,0
I,606242857,0.1891,-3.5889,8.4563,-35.7416,4.5240,-12.3805,-16.189,-6.813,-53.766,0
I,606252857,-0.3112,-3.5650,9.0022,-40.2233,1.9630,-21.4659,-16.189,-5.738,-54.113,0
I,606262857,-0.0096,-3.4692,9.5074,-47.0831,-7.7321,-29.6061,-15.830,-5.738,-53.072,0
I,606272857,0.8787,-3.0311,9.9359,-56.9611,-21.6040,-28.7220,-16.010,-6.275,-53.939,0
I,606282857,1.3527,-3.0358,9.6917,-70.2233,-36.3906,-17.1976,-17.449,-3.407,-54.980,0
I,606292859,2.2936,-3.4716,8.2049,-78.2721,-45.7809,-3.2341,-16.369,-5.200,-53.592,0
I,606302857,1.6520,-3.9121,7.1180,-76.1075,-53.9821,10.6073,-17.089,-4.482,-52.552,0
I,606312857,1.7454,-4.1372,6.3039,-64.4916,-49.3174,18.2293,-17.808,-3.048,-54.286,0
I,606322857,1.3216,-4.4101,6.4787,-46.9002,-37.2138,20.8512,-17.629,-2.510,-53.419,0
I,606332857,0.6201,-4.3335,7.6902,-33.4245,-29.1040,17.5585,-17.269,-2.152,-55.153,0
I,606342857,0.0287,-4.0127,9.0884,-31.5343,-33.5552,9.5402,-17.089,-1.255,-53.592,0
I,606372857,0.9601,-3.3998,8.9232,-61.7782,-73.4943,1.7963,-18.528,0.538,-52.552,0
I,606382857,1.0439,-3.7326,7.6782,-66.8697,-53.4028,7.1012,-19.787,0.717,-53.072,0
I,606392857,1.0918,-4.3934,6.5888,-64.7965,-16.2077,6.4915,-18.888,0.538,-52.552,0
I,606402857,1.1109,-4.7764,6.1124,-55.1623,4.7070,1.7354,-18.708,0.000,-54.113,0
I,606412857,0.9936,-4.3670,5.9544,-40.2233,-0.5370,-3.2037,-19.247,0.896,-52.205,0
I,606422857,1.6544,-4.3862,6.5338,-24.3697,-18.7382,-3.1122,-18.888,0.538,-52.205,0
I,606432857,1.5371,-4.6926,7.2880,-13.1806,-32.3357,1.5220,-20.866,-0.359,-52.725,0
I,606442857,1.3886,-4.8650,8.2720,-10.2538,-38.9516,3.4122,-19.787,1.434,-52.031,0
I,606452857,0.7757,-4.9129,9.2943,-18.4245,-47.4577,2.7110,-19.787,1.076,-53.072,0
I,606462857,1.2258,-4.7908,9.1147,-35.7111,-54.7748,-2.3500,-20.507,1.793,-52.725,0
I,606472861,2.4325,-5.0015,8.3534,-54.4916,-48.3113,-3.9354,-20.687,1.255,-51.511,0
I,606482857,2.2936,-5.2361,8.2361,-70.4977,-36.2077,0.3634,-21.046,1.614,-52.205,0
I,606492857,1.0056,-4.3287,7.1299,-83.8514,-25.3845,-0.1854,-21.046,1.972,-51.511,0
I,606502857,1.9632,-4.0797,6.5697,-90.7111,-6.6955,-0.4293,-22.126,3.765,-53.592,0
I,606512857,1.6113,-4.9895,6.1675,-91.4733,-3.3418,-2.9598,-21.226,3.586,-52.031,0
I,606522857,1.4748,-5.1116,6.0118,-87.0526,-0.8723,-10.8256,-22.126,4.124,-51.858,0
I,606532860,1.8316,-5.1787,6.0214,-80.4977,3.8533,-16.4049,-21.226,4.303,-51.684,0
I,606542858,2.3655,-5.4995,6.4596,-73.9733,5.3472,-15.3073,-21.046,4.841,-50.470,0
I,606552857,2.1979,-5.8155,7.0126,-71.2599,4.4021,-9.1183,-22.126,6.275,-51.164,0
I,606562857,1.8411,-5.8658,7.1036,-71.6867,2.4813,-4.0878,-21.586,5.379,-50.991,0
I,606572857,2.1356,-5.8754,7.1012,-73.0282,3.1826,0.2720,-19.427,7.889,-51.684,0
I,606582857,2.3032,-5.8323,7.0198,-73.4855,3.4265,4.5707,-19.967,6.634,-52.552,0
I,606592857,1.8076,-6.0142,6.8594,-72.2050,-0.9028,4.7537,-20.147,7.172,-52.031,0
I,606602858,1.6903,-6.2010,6.6631,-70.3758,0.4691,3.5646,-21.586,8.606,-50.991,0
I,606612857,1.5802,-5.8227,6.2393,-69.8880,4.1277,3.7171,-22.305,8.965,-49.950,0
I,606622857,1.7909,-5.5162,5.8083,-71.5343,10.7740,4.1439,-20.327,9.861,-51.164,0
I,606632857,2.1691,-5.0230,5.2912,-73.1502,14.4326,7.3756,-22.126,10.579,-51.858,0
I,606642858,2.1045,-4.7716,5.2098,-75.7111,18.8838,12.9244,-22.126,9.861,-51.511,0
I,606652857,1.8028,-5.2625,5.3247,-79.4002,19.8594,16.1561,-20.866,12.192,-50.644,0
I,606662857,1.7286,-5.9400,5.6671,-82.7843,14.9509,15.5159,-21.046,11.654,-49.777,0
I,606692857,1.8052,-7.3694,5.6288,-85.1928,11.6582,10.1195,-21.766,13.089,-50.123,0
I,606702857,1.8411,-7.8410,5.5306,-83.3331,9.7679,14.9366,-19.247,14.882,-49.777,0
I,606712857,2.0327,-7.9727,5.2601,-82.7233,10.8960,21.0951,-20.327,14.882,-48.042,0
I,606722857,1.5730,-7.9535,4.7525,-80.7416,18.0606,25.0890,-19.967,15.599,-49.777,0
I,606732857,1.2594,-7.6854,4.5897,-77.5404,22.1155,25.8817,-21.226,16.495,-47.522,0
I,606742857,1.1229,-7.2640,4.3910,-73.4245,18.7313,25.0890,-20.327,14.523,-48.389,0
I,606752857,1.1995,-6.7062,4.3000,-68.8514,16.2313,23.7171,-18.348,16.137,-48.909,0
I,606762859,0.9481,-6.4236,4.4580,-64.6441,13.4874,21.3390,-17.988,17.930,-48.562,0
I,606772857,0.6560,-6.6248,4.6448,-62.8758,4.2496,17.4976,-19.607,17.392,-46.655,0
I,606782857,0.9744,-7.1084,4.4460,-61.7782,-2.5187,14.6622,-18.348,18.647,-48.216,0
I,606792858,0.7997,-7.6638,4.3838,-62.4184,-12.2138,13.8085,-17.988,18.647,-47.522,0
I,606802857,0.7805,-7.9392,3.8738,-63.3026,-20.5370,12.9854,-19.068,19.364,-47.175,0
I,606812857,0.5028,-6.8690,3.0526,-63.3941,-18.4028,13.2293,-18.348,18.647,-47.522,0
I,606822859,0.6033,-7.3861,3.1819,-63.7599,-7.0613,15.7293,-18.168,18.468,-46.655,0
I,606832857,0.2825,-7.8554,3.1699,-65.4062,-1.8174,15.7902,-17.629,20.081,-47.522,0
I,606842858,0.1891,-8.3007,3.2705,-67.9062,5.4082,12.8329,-17.629,20.081,-47.522,2
I,606852857,0.6919,-8.6407,3.4644,-70.6502,8.1216,11.1561,-16.369,20.619,-45.614,0
I,606862857,1.1899,-8.7077,3.4548,-69.5221,11.2923,9.3573,-16.549,22.591,-44.400,0
I,606872858,1.3599,-8.4779,3.4812,-62.1136,9.9204,4.7537,-18.168,22.054,-44.227,0
I,606882857,1.3695,-8.3989,2.9066,-49.0648,2.2679,-0.3073,-18.168,22.054,-44.920,0
I,606892857,1.3503,-8.3797,2.8252,-35.4672,-3.1589,-3.1122,-17.629,22.591,-43.706,0
I,606902857,1.1636,-8.3773,2.9856,-26.2599,0.7130,-1.4963,-17.089,23.129,-44.920,0
I,606912857,1.0702,-8.3246,3.0765,-21.4123,2.7252,2.2232,-18.528,23.129,-43.533,0
I,606922857,0.7733,-8.1187,2.5905,-15.7111,-0.2016,4.7537,-17.449,23.846,-44.227,0
I,606932857,0.8404,-7.7668,2.2314,-11.0465,6.5057,4.7841,-17.629,22.233,-44.400,0
I,606942861,0.8595,-7.7093,2.3822,-9.0038,14.3106,5.1500,-16.909,23.309,-45.788,0
I,606952857,0.8835,-8.0685,2.6600,-10.6502,16.2618,5.1500,-16.909,23.309,-43.359,0
I,606962857,0.7709,-8.3246,2.8539,-12.8758,12.6643,4.4793,-17.629,23.309,-43.359,0
I,606972857,0.7350,-8.5329,2.7318,-11.3209,10.2862,3.0159,-17.089,24.564,-44.573,0
I,606982857,0.7374,-8.6742,2.7845,-5.6806,8.9448,0.8512,-17.089,22.771,-42.839,0
I,606992857,0.5794,-8.7987,2.8108,1.6974,5.6521,-0.5207,-17.449,22.054,-43.533,0
I,607002857,0.3519,-8.5186,2.7869,9.4413,1.7191,-2.1366,-17.269,23.667,-43.706,0
I,607012857,0.5291,-8.3246,2.6049,16.8498,-0.4150,-4.9415,-17.808,23.488,-43.186,0
I,607022858,0.9026,-8.0709,2.4732,23.5572,3.7923,-6.5573,-16.909,22.591,-44.747,0
I,607032857,1.2330,-8.0541,2.4828,28.1303,9.4021,-6.4049,-18.528,23.129,-44.573,0
I,607042857,1.2953,-8.3055,2.6025,30.4779,13.3960,-6.2220,-17.089,22.771,-43.533,0
I,607052858,1.2689,-8.4922,2.8012,32.0938,15.9265,-6.2829,-16.729,22.412,-44.227,0
I,607062857,1.0918,-8.4491,3.1196,32.9779,13.8533,-7.3500,-16.549,22.950,-45.788,0
I,607072857,1.0271,-8.3893,3.0670,35.7218,12.7862,-8.0817,-17.808,21.336,-44.573,0
I,607082857,0.9984,-8.2696,3.2226,41.4230,13.8228,-7.2890,-17.449,21.336,-44.920,0
I,607092857,1.0175,-8.1570,3.3567,48.2523,13.8838,-5.9171,-17.629,19.723,-46.134,0
I,607102857,1.0606,-8.0182,3.5386,55.0511,10.8045,-4.4537,-16.189,21.874,-46.828,0
I,607112858,1.4341,-8.0661,3.3519,61.3316,10.4691,-2.4415,-17.449,21.695,-46.308,0
I,607122858,1.5634,-8.1116,3.0478,68.7401,16.9021,2.2232,-17.269,20.081,-46.481,0
I,607132857,1.2665,-8.0397,3.4357,75.2950,23.6399,7.9549,-17.629,20.798,-45.441,0
I,607142858,1.1420,-7.9272,3.7972,79.1974,25.6521,12.5890,-17.449,18.468,-47.695,0
I,607152857,1.0080,-7.9607,3.6488,82.0938,26.9326,16.0037,-16.729,20.261,-48.042,0
I,607162858,0.3735,-7.6710,3.9097,85.3255,30.1948,17.1927,-15.830,19.364,-47.869,0
I,607172857,0.1460,-7.1299,4.4365,86.8803,25.6216,15.3024,-16.189,18.288,-48.909,0
I,607182857,0.2418,-7.2520,4.5633,89.3803,15.9874,10.6683,-16.369,18.109,-48.736,0
I,607192857,0.0766,-7.4005,4.8123,93.8011,9.1582,5.6683,-14.750,17.571,-48.909,0
I,607242858,0.1173,-6.0908,4.7716,99.0145,13.7618,-4.4232,-16.010,13.447,-51.164,0
I,607252857,0.1532,-6.1890,5.6814,92.0633,-25.1406,-2.0756,-14.930,13.089,-49.430,0
I,607262857,1.0127,-6.0166,5.9448,76.5450,-29.5613,0.7293,-17.988,12.192,-54.113,0
I,607272857,1.2665,-6.0693,5.8562,73.7401,-25.6894,-2.6244,-15.290,13.089,-52.205,0
I,607282857,0.7422,-6.0980,6.1651,76.5145,-19.5309,-8.7524,-16.189,12.909,-51.684,0
I,607292857,0.7470,-6.1052,6.0885,81.9413,-7.9455,-12.4720,-17.269,11.834,-51.684,0
I,607302857,1.0487,-6.2489,6.1770,87.7950,1.1399,-12.1061,-16.549,11.475,-50.991,0
I,607312857,1.1540,-6.2656,6.3997,87.7645,2.7557,-8.9963,-16.909,10.041,-50.991,0
I,607322857,1.1492,-5.9616,6.4500,83.3742,-0.7199,-3.3256,-16.909,10.041,-52.725,0
I,607332857,0.7063,-5.6383,6.0597,77.9169,3.8533,-0.7341,-17.629,7.530,-51.684,0
I,607342857,0.8428,-5.4013,6.3734,74.1669,17.9996,-1.7707,-16.729,7.710,-52.205,0
I,607402857,0.6656,-5.5833,7.6638,44.1974,-19.4394,1.0646,-18.888,5.558,-53.592,0
I,607412857,0.5507,-5.7724,7.5369,47.6730,-15.8113,0.9427,-16.909,7.172,-53.766,0
I,607422857,0.5076,-5.8586,7.7955,56.5755,-18.3113,-0.5512,-16.729,5.200,-53.939,0
I,607432857,0.3855,-5.4899,7.8290,63.2523,-27.5187,-1.6183,-17.988,4.662,-52.031,0
I,607442857,0.4836,-4.7022,7.4915,67.9779,-36.2077,-1.9537,-19.247,5.917,-53.592,0
I,607452857,0.7853,-4.4029,7.2832,70.5998,-43.5552,-3.3866,-17.808,4.124,-53.245,0
I,607462857,0.9553,-4.5657,6.8881,70.8742,-41.5735,-6.6183,-17.629,2.869,-53.766,0
I,607472858,1.1923,-4.8722,7.1850,67.8559,-32.7016,-9.5451,-18.708,2.510,-53.419,0
I,607482857,1.6879,-4.8554,7.4915,60.7523,-23.0979,-9.0268,-18.708,1.434,-54.113,0
I,607492857,2.1955,-4.8387,7.0557,52.9779,-5.3540,-5.8561,-19.967,2.331,-53.245,0
I,607502857,2.1524,-4.9368,6.4883,50.8438,9.9204,1.6439,-19.068,1.076,-53.419,0
I,607512857,1.2689,-5.1164,6.6367,51.2401,9.7679,9.6927,-19.068,1.076,-53.419,2
I,607522859,1.2737,-4.2689,7.4986,50.3559,3.2740,15.9122,-19.607,0.179,-53.592,0
I,607532857,0.8523,-3.5506,7.3933,54.1974,9.1277,13.4122,-19.068,-0.359,-54.113,0
I,607542857,0.5507,-3.5123,7.8889,66.3011,5.7435,5.9122,-19.967,-0.179,-53.245,0
I,607552857,0.4381,-3.8523,8.3989,77.0328,-8.0065,1.8573,-19.967,0.538,-52.205,0
I,607562858,0.6991,-3.7685,8.5569,83.1913,-20.2930,1.9488,-18.888,-1.255,-53.592,0
I,607572857,0.9960,-3.7804,8.6239,86.0267,-34.5918,2.1622,-20.327,-3.407,-52.205,0
I,2187814,8.1930,-0.8475,4.0486,-5.3713,-3.8857,-4.2345,-42.093,-15.061,-22.200,0
I,2197814,8.5760,-0.6321,3.7876,-2.9323,4.0716,-1.4905,-40.654,-15.778,-22.547,0
I,2207814,8.8298,-0.6991,3.5841,-0.9201,20.1387,2.5948,-43.532,-14.702,-20.119,0
I,2217814,8.7436,-0.9649,3.3998,0.5433,42.8826,6.4973,-43.712,-13.447,-19.598,0
I,2227815,8.4467,-0.9864,3.4740,1.0311,63.7972,6.8936,-43.532,-15.061,-22.547,0
I,2237814,8.4228,-1.1013,4.0294,1.6104,76.6021,7.0155,-43.712,-15.599,-20.986,0
I,2247815,8.3342,-1.3503,4.5226,1.6714,80.0777,9.1192,-43.172,-15.420,-21.853,0
I,2257814,8.2504,-1.4916,4.6591,1.3360,77.6692,11.0095,-42.812,-14.344,-21.506,0
I,2267814,8.2193,-1.3910,4.6543,2.0372,75.5350,12.0765,-42.452,-16.137,-22.894,0
I,2287814,8.1307,-1.2378,4.3790,4.7811,88.8582,9.5460,-42.812,-13.985,-23.241,0
I,2297815,8.4755,-1.0558,4.3910,5.2080,110.6570,7.7168,-40.654,-15.778,-23.934,0
I,2307815,8.5042,-1.0726,4.4700,3.7445,137.8826,8.1131,-40.833,-14.882,-24.455,0
I,2317814,8.4443,-1.2498,4.6974,0.8482,165.1692,10.0338,-40.833,-14.164,-25.148,0
I,2327814,8.2600,-1.5107,5.0302,-5.5847,194.4375,12.5643,-41.193,-15.240,-26.883,0
I,2337814,7.9823,-1.6376,5.1523,-14.3042,219.3765,13.1131,-41.553,-15.599,-28.270,0
I,2347814,7.3454,-1.6544,5.6527,-19.7920,234.8338,12.5338,-39.754,-12.730,-28.617,0
I,2357814,6.6990,-1.6352,6.2082,-22.0786,239.5289,11.9546,-39.394,-15.240,-30.698,0
I,2367814,6.2225,-1.5850,6.4955,-20.9506,233.0655,12.8997,-38.675,-15.599,-31.739,0
I,2377814,6.2010,-1.4605,6.5146,-15.5238,216.0533,15.8875,-38.495,-13.627,-34.688,0
I,2387814,6.1842,-1.1301,6.4452,-5.1274,201.7241,22.0460,-36.696,-15.420,-36.075,0
I,2397814,5.6790,-0.9912,6.3710,7.5555,194.3460,26.3143,-36.516,-14.882,-35.902,0
I,2407814,5.8754,-0.9409,6.7349,19.2019,189.9253,29.2412,-35.437,-14.882,-36.595,0
I,2417815,5.3798,-0.9864,6.8067,28.2263,188.6143,32.6863,-35.437,-14.164,-38.677,0
I,2427815,5.1356,-1.1492,7.1706,33.7141,186.3582,35.4302,-35.257,-14.344,-37.463,0
I,2437814,4.5729,-1.3743,7.4555,36.3055,187.8826,37.1985,-33.638,-12.730,-40.758,0
I,2447814,4.2162,-1.5778,8.0349,35.9092,188.8887,36.3448,-33.638,-13.447,-39.717,0
I,2457815,3.7421,-1.8747,8.2983,31.9458,190.7484,32.2899,-32.199,-14.164,-41.798,0
I,2467814,3.8379,-1.8771,8.2600,26.5494,198.3704,26.3448,-31.300,-13.268,-42.319,0
I,2477815,3.9241,-1.8627,8.2408,19.5372,210.9924,20.6131,-31.300,-13.985,-42.319,0
I,2487814,3.3806,-1.7334,8.0972,13.8055,215.3826,16.0399,-31.120,-12.730,-43.186,0
I,2497815,3.0765,-1.1133,7.9559,14.1104,195.1387,15.2777,-27.162,-14.164,-45.961,0
I,2507815,2.5211,-0.6728,7.9583,20.7872,166.8460,17.6253,-25.543,-13.627,-46.134,0
I,2517814,2.1093,-0.5195,8.0732,29.7506,144.2241,17.4729,-25.543,-13.627,-46.134,2
I,2527814,2.2553,-0.7518,8.3175,35.8787,131.7545,15.2168,-25.184,-12.909,-47.175,0
I,2537814,2.4301,-0.8691,8.2097,39.2628,133.2484,14.7290,-24.464,-13.985,-46.828,0
I,2547814,2.4876,-0.7805,8.5186,40.3909,140.9923,16.2838,-24.104,-13.268,-48.562,0
I,2557814,2.2721,-0.9194,8.6191,39.3543,148.1570,19.6070,-22.665,-13.985,-46.481,0
I,2567814,2.1955,-1.0965,8.8107,37.3116,154.4070,22.4424,-20.866,-14.702,-49.256,0
I,2577814,1.7071,-1.2522,8.9040,33.7141,160.2607,24.4241,-20.866,-15.420,-48.562,0
I,2587815,1.3599,-1.2953,9.2225,28.6836,162.0289,23.6314,-21.226,-14.702,-48.909,0
I,2597814,1.2881,-1.2689,9.2847,21.9153,160.2911,22.1375,-21.046,-14.523,-48.042,0
I,2607814,0.9984,-1.1779,9.0573,16.3665,155.3216,21.4668,-18.708,-14.702,-49.603,0
I,2617815,0.5914,-0.9840,8.6215,15.4823,139.9558,18.7229,-18.168,-14.523,-50.470,0
I,2627814,0.1652,-0.6249,8.7963,17.7080,114.2241,15.1558,-18.348,-13.985,-50.644,0
I,2637817,-0.1484,-0.5746,8.9807,19.3543,94.2545,10.4912,-17.988,-14.702,-49.950,0
I,2647814,-0.2705,-0.5195,9.0956,19.6897,82.2423,5.9180,-16.189,-16.137,-49.950,0
I,2657814,-0.4070,-0.5650,9.1339,18.5921,73.5228,1.9851,-14.750,-15.420,-50.297,0
I,2667814,-0.2658,-0.7254,9.2009,15.2384,68.3399,-2.4357,-17.988,-17.213,-50.991,0
I,2677814,-0.0670,-0.8452,9.3063,9.6592,67.6387,-6.3076,-14.750,-16.137,-51.684,0
I,2687815,0.0024,-1.0606,9.4308,3.3482,69.7728,-10.3320,-15.650,-14.882,-49.777,0
I,2697817,0.2586,-0.9960,9.3565,-1.0116,80.8094,-14.1430,-14.930,-16.316,-51.164,0
I,2707814,0.2227,-0.8930,9.6055,-3.8469,94.4984,-15.5454,-16.189,-15.420,-51.684,0
I,2717814,0.0742,-0.7853,9.5241,-6.3774,98.0350,-14.6003,-14.571,-13.806,-51.164,0
I,2727815,-0.2849,-0.6369,9.1650,-6.8347,90.1082,-13.9601,-14.930,-15.240,-51.511,0
I,2737814,-0.4836,-0.6345,8.8777,-4.3957,74.1936,-15.8198,-14.391,-15.778,-49.950,0
I,2747814,-0.5650,-0.7278,9.0549,-1.1945,58.8887,-17.4966,-14.930,-16.316,-49.777,0
I,2757814,-0.6967,-0.7302,9.3589,-0.4323,45.7789,-18.1369,-11.872,-16.137,-51.338,0
I,2767815,-0.7087,-0.7829,9.6391,-1.7128,35.0472,-18.5637,-11.692,-16.316,-51.511,0
I,2777814,-0.7446,-0.8499,9.5912,-3.9079,26.8155,-19.0210,-13.311,-16.495,-51.338,0
I,2787814,-0.6752,-0.9625,9.4475,-6.0116,23.8887,-20.9723,-12.592,-16.137,-50.644,0
I,2797815,-0.5842,-0.9840,9.1746,-7.0177,27.7302,-24.7527,-12.772,-15.240,-51.858,0
I,2807814,-0.4573,-1.0367,8.8514,-5.8896,33.8277,-29.6003,-13.131,-16.316,-51.164,0
I,2817818,-0.5076,-0.9266,8.8418,-3.5725,42.5472,-33.1979,-12.592,-15.061,-51.338,0
I,2827814,-0.6847,-0.5794,8.7819,-2.5055,39.3765,-33.9296,-11.692,-16.316,-52.205,0
I,2837814,-0.9218,-0.4741,8.7604,-2.2311,29.8338,-34.3564,-10.973,-15.599,-51.164,0
I,2847814,-0.8475,-0.3017,8.7364,-2.7494,20.0472,-35.2406,-11.692,-15.957,-51.164,0
I,2857815,-0.7302,-0.2801,9.0118,-2.8713,14.4680,-34.8747,-12.232,-17.213,-51.338,0
I,2867815,-0.4022,-0.2921,9.4068,-3.3286,6.5411,-31.2771,-13.491,-14.164,-52.898,0
I,2877814,-0.0814,-0.1796,9.7875,-4.4872,-7.1784,-22.3442,-11.513,-15.420,-51.338,0
I,2887814,0.3136,-0.5387,10.0820,-5.3103,-20.3491,-10.6064,-12.232,-15.778,-50.644,0
I,2897814,0.6512,-0.9840,9.7947,-3.0542,-24.1296,1.2838,-13.491,-15.240,-50.470,0
I,2907814,0.7949,-1.1516,9.3948,2.8909,-16.2942,11.0095,-13.311,-15.061,-51.338,0
I,2917814,0.7638,-1.0487,9.2871,9.7506,-1.8735,17.9302,-13.671,-16.854,-50.297,0
I,2927815,0.6057,-1.1612,9.3230,13.3482,15.0167,23.2351,-13.851,-15.240,-51.511,0
I,2937814,0.4693,-1.1827,9.1650,14.3848,32.0594,27.0155,-13.131,-15.240,-51.164,0
I,2947814,0.4812,-0.9050,9.1291,14.6287,45.9314,30.0338,-14.211,-15.957,-51.858,0
I,2957814,0.4286,-0.4405,9.1961,14.5982,53.1875,35.7960,-13.491,-16.316,-50.817,0
I,2967814,0.2179,-0.3184,9.2464,14.3238,51.2058,42.9607,-13.491,-15.240,-50.123,0
I,2977815,0.0431,-0.2682,9.2392,15.1470,41.2058,50.3997,-12.592,-15.778,-50.991,0
I,2987815,-0.1389,-0.3591,9.4906,16.4275,30.0167,56.5582,-12.232,-16.495,-52.031,0
I,2997815,-0.1173,-0.4812,9.5960,17.4641,15.4741,61.4058,-13.851,-17.033,-50.817,0
I,3007814,-0.0766,-0.6512,9.5098,19.2628,-1.8735,66.2534,-13.491,-14.882,-49.777,0
I,3017814,-0.2538,-0.8140,9.5648,22.1897,-15.8369,70.2168,-14.930,-17.033,-51.858,0
I,3027814,-0.2322,-0.9026,9.2919,25.2994,-21.1113,70.5216,-15.470,-14.702,-50.297,0
I,3037815,0.3519,-0.8715,9.1650,28.3482,-17.1174,67.8387,-14.211,-15.599,-51.164,0
I,3047814,0.2801,-0.8380,9.1650,29.2933,-9.5259,65.7351,-14.571,-15.599,-50.470,0
I,3057814,0.7829,-0.6847,9.1698,27.0982,-0.2881,66.5887,-14.930,-15.240,-49.777,0
I,3067814,1.0989,-0.3998,8.9471,24.5372,9.4375,72.6253,-16.729,-16.675,-49.430,0
I,3077814,0.8284,-0.4597,9.3302,20.0860,11.6326,78.6314,-15.650,-16.316,-50.817,0
I,3087814,0.7278,-0.2873,8.9304,16.0921,17.5472,83.2351,-17.629,-16.137,-48.562,0
I,3097815,1.0654,-0.1532,8.6574,14.9641,26.6631,87.6558,-17.449,-16.316,-50.123,0
I,3107817,0.9505,-0.0479,8.7771,15.5433,34.3155,93.9973,-17.089,-16.675,-50.817,0
I,3117814,0.8643,-0.2322,9.0836,15.6958,36.3277,100.3387,-17.449,-17.750,-50.123,0
I,3127814,0.6967,-0.2945,9.0549,16.5189,31.9680,108.4485,-16.189,-16.495,-49.950,0
I,3137815,0.6105,-0.1580,8.8418,19.3543,30.7180,115.1558,-18.528,-15.599,-50.470,0
I,3147814,0.5459,-0.0168,9.0214,21.9153,33.2484,119.8509,-18.168,-15.957,-47.348,0
I,3157815,0.2873,-0.1700,8.9136,22.8299,34.4375,122.6863,-18.708,-15.778,-48.216,0
I,3167817,-0.1891,-0.4717,9.2656,23.7445,31.0228,124.2107,-17.629,-15.420,-49.256,0
I,3177814,-0.3256,-0.4405,9.3972,22.1897,35.9923,120.2777,-19.247,-14.882,-48.389,0
I,3187814,-0.4286,-0.4070,9.6510,19.6897,38.8887,113.5704,-16.909,-18.288,-49.603,0
I,3197814,-0.4405,-0.2873,9.5840,15.1470,36.0838,107.0765,-17.629,-14.702,-48.909,0
I,3207814,0.1915,-0.3232,9.0764,12.6165,33.8582,104.1192,-18.168,-14.523,-49.777,0
I,3217815,0.1604,-0.2251,9.0070,11.8543,33.9802,104.6985,-18.528,-15.599,-49.777,0
I,3227815,0.1077,0.0503,8.8178,11.8238,36.9984,104.9119,-18.168,-15.957,-49.777,0
I,3237814,-0.0431,0.3496,8.7843,12.8604,39.1936,103.9668,-19.787,-13.985,-48.562,0
I,3247814,0.0335,0.5124,9.1578,12.7384,37.6997,101.4973,-18.888,-14.164,-51.164,0
I,3257814,0.0742,0.3376,9.4475,9.8726,32.4558,101.8631,-20.327,-15.957,-49.430,0
I,3267814,-0.0622,0.1365,9.4810,4.9031,30.2911,102.3814,-19.787,-13.985,-50.297,0
I,3277814,-0.0838,0.1915,9.3398,-0.8286,37.7302,100.0948,-21.226,-15.420,-50.644,0
I,3287814,0.0072,0.2658,9.1506,-4.7311,48.1570,95.8875,-19.427,-15.061,-48.909,0
I,3297815,0.2227,0.1676,9.3422,-8.4201,60.7789,91.6802,-20.866,-12.909,-49.256,0
I,3307814,-0.4214,-0.2969,9.2416,-12.8713,62.1204,90.7655,-20.507,-13.627,-48.562,0
I,3317814,-1.2115,-0.1101,9.3063,-17.5055,58.7058,88.0826,-19.607,-14.523,-49.777,0
I,3327814,-1.3767,0.3184,9.3278,-22.2311,55.8704,84.1802,-21.586,-14.702,-51.338,0
I,3337814,-0.9673,0.6871,9.1004,-23.7859,61.9070,77.6253,-19.967,-11.296,-49.430,0
I,3347814,-0.7063,0.6201,9.1028,-21.5908,68.1875,70.5826,-19.247,-13.089,-50.817,0
I,3357814,-0.3855,0.3567,9.2488,-20.3103,69.1326,66.1619,-18.888,-12.371,-49.777,0
I,3367814,-0.4764,-0.1484,9.1913,-20.0055,70.6265,66.0399,-18.708,-11.116,-50.297,0
I,3377814,-0.9649,-0.1269,9.3518,-22.9933,71.6326,65.3997,-20.507,-12.551,-50.297,0
I,3387814,-1.2833,-0.2682,9.1171,-26.2859,68.1875,63.1131,-18.168,-11.296,-50.817,0
I,3397816,-1.7214,-0.3424,9.2201,-27.8103,59.4984,59.4851,-19.787,-11.475,-51.684,0
I,3407814,-1.9704,-0.3041,9.1985,-28.3896,50.6570,53.4485,-18.168,-10.937,-50.123,0
I,3417814,-2.1332,0.0670,9.0477,-29.6701,51.1448,45.9485,-17.988,-10.758,-50.644,0
I,3427814,-2.6169,0.0622,8.6933,-30.4628,57.5472,34.8204,-17.988,-11.116,-50.297,0
I,3437814,-2.6767,0.2394,8.7149,-28.2981,49.2241,23.8448,-18.348,-10.758,-51.338,0
I,3447814,-2.8228,0.6081,9.0166,-26.3469,32.8216,14.5155,-18.168,-8.786,-50.817,0
I,3457816,-2.6743,0.1963,9.0357,-25.0055,21.1448,5.3997,-18.348,-11.116,-51.684,0
I,3467814,-2.4181,-0.2921,9.0716,-20.7067,11.8460,-2.9845,-18.348,-8.606,-52.378,0
I,3477814,-1.8747,-0.3232,9.1794,-15.3408,8.9802,-9.4784,-18.888,-10.220,-52.205,0
I,3487814,-1.7119,-0.1460,9.1387,-11.4994,15.8094,-14.8442,-18.348,-8.606,-52.031,0
I,3497814,-1.7071,-0.2610,9.0237,-9.8835,23.0960,-21.2466,-18.348,-8.606,-52.031,2
I,3507814,-2.3008,-0.5148,8.7652,-8.0542,19.4984,-28.0149,-18.888,-8.427,-51.858,0
I,3517815,-2.4277,-0.6584,8.4994,-4.6396,13.4619,-34.6918,-18.888,-9.144,-52.898,0
I,3527815,-2.2936,-0.4286,8.6095,1.5189,1.9070,-39.5393,-18.888,-8.786,-52.205,0
I,3537815,-1.9010,-0.2322,8.7987,7.8909,-13.9467,-42.2527,-19.967,-9.144,-51.511,0
I,3547814,-1.4844,-0.1963,8.9471,12.6775,-28.0320,-42.8015,-19.967,-8.427,-51.511,0
I,3557814,-1.2450,-0.3160,9.0357,14.4153,-35.5320,-43.0454,-19.967,-8.786,-52.205,0
I,3567814,-1.1157,-0.4238,9.0309,13.9275,-41.5077,-44.2649,-20.866,-8.606,-51.684,0
I,3577817,-0.9984,-0.3735,9.0429,12.0372,-44.0077,-46.0332,-20.507,-10.399,-51.338,0
I,3587814,-0.9984,-0.4190,8.9711,8.9275,-40.3491,-48.9906,-20.507,-10.399,-50.991,0
I,3597814,-0.9649,-0.3232,8.9567,5.6043,-32.7272,-54.3564,-20.327,-10.937,-51.858,0
I,3607815,-1.0391,-0.1580,9.1459,1.2141,-21.6296,-62.4967,-21.406,-10.937,-49.777,0
I,3617815,-0.6560,-0.1820,9.1578,-3.4201,-12.5138,-72.3747,-22.485,-10.937,-50.470,0
I,3627815,-0.8787,-1.0415,8.6981,-6.3774,-6.0808,-82.0088,-21.766,-10.220,-50.123,0
I,3637814,-0.8930,-1.1444,8.6167,-4.4262,-11.7516,-87.1918,-20.327,-10.937,-50.470,0
I,3647814,-0.5914,-0.7254,9.0501,0.3299,-16.2028,-87.5881,-22.665,-10.758,-51.684,0
I,3657814,-0.5890,-0.6369,9.2177,6.4580,-19.9833,-88.6857,-21.946,-11.475,-50.297,0
I,3667815,0.1700,-0.1030,9.1554,12.6775,-24.9223,-89.3869,-21.586,-10.758,-50.297,0
I,3677814,0.5698,0.0718,9.3350,16.3360,-25.6540,-86.1247,-21.226,-10.758,-49.603,0
I,3687815,0.7063,-0.0335,9.2919,16.5189,-23.5198,-80.8503,-21.946,-12.909,-49.603,0
I,3697814,0.4932,-0.1652,9.4691,13.1348,-17.2089,-75.7588,-22.485,-11.654,-50.123,0
I,3707814,0.0790,-0.0670,9.5409,5.8787,-7.1174,-76.5820,-22.305,-12.192,-48.562,0
I,3717814,0.2490,-0.1796,9.4188,-2.6579,7.0594,-82.8930,-22.845,-12.371,-47.348,0
I,3727814,-0.0479,-0.3639,9.1842,-10.6457,26.1143,-92.7405,-21.226,-12.551,-48.562,0
I,3737814,0.3472,-0.3017,8.6431,-14.5177,41.0228,-99.5698,-22.485,-14.882,-48.736,0
I,3747815,0.3184,-0.1772,8.7149,-16.3469,41.7545,-102.6491,-22.126,-15.240,-50.470,0
I,3757814,0.4405,-0.1939,8.8298,-16.8042,33.0960,-101.8869,-21.046,-13.089,-49.430,0
I,3767814,0.7302,-0.2586,8.8705,-15.1274,22.6387,-96.3076,-22.126,-14.523,-49.777,0
I,3777814,1.0319,-0.3352,9.0142,-12.5664,11.3582,-88.6857,-21.586,-13.627,-48.909,0
I,3787814,1.1899,-0.4764,9.1985,-10.1274,-3.7028,-78.4723,-21.586,-14.702,-48.909,0
I,3797814,0.8045,-0.4621,9.1674,-8.7250,-16.0808,-70.1186,-21.406,-13.089,-48.389,0
I,3807814,0.7374,-0.6201,9.3877,-8.5116,-15.3796,-68.0454,-21.586,-15.420,-48.216,0
I,3817814,0.6871,-0.7087,9.3254,-9.4872,-9.0381,-70.7588,-21.226,-14.344,-49.256,0
I,3827814,0.7661,-0.7446,9.3541,-10.1884,-3.6723,-73.7771,-22.665,-13.985,-47.175,0
I,3837814,1.0151,-0.5363,9.3637,-9.7006,10.1997,-76.4296,-22.845,-14.882,-48.389,0
I,3847814,0.8404,-0.2442,9.0932,-8.4506,22.1814,-80.9418,-22.126,-14.523,-48.389,0
I,3857814,0.2083,0.6800,9.2009,-8.0542,28.7667,-87.1308,-20.507,-14.344,-48.216,0
I,3867817,0.3112,0.7039,8.8370,-10.6762,33.7058,-92.7710,-20.507,-14.344,-48.562,0
I,3877814,0.5435,0.4166,8.5186,-12.2920,34.4680,-95.1491,-19.787,-15.420,-49.603,0
I,3887814,0.6776,0.0862,8.6431,-12.0177,29.0411,-94.7832,-19.247,-15.957,-48.389,0
I,3897814,1.0774,-0.3208,8.9783,-12.2311,19.8643,-93.8076,-19.787,-16.495,-49.256,0
I,3907814,1.7095,-0.6321,8.9663,-12.2616,11.6326,-89.2040,-19.787,-15.778,-48.562,0
I,3917814,1.7358,-0.6823,8.9615,-10.7372,4.8643,-81.3991,-19.967,-15.599,-48.389,0
I,3927816,1.7095,-0.7638,9.2488,-8.0847,1.2667,-74.2345,-19.607,-16.316,-46.655,0
I,3937814,0.9218,-0.5818,9.2799,-7.1396,4.9558,-72.4967,-20.687,-15.240,-48.042,0
I,3947814,0.5986,-0.1389,9.0309,-4.2433,22.8521,-78.5332,-21.406,-16.675,-48.736,0
I,3957814,0.0670,-0.0287,9.0525,0.3604,40.9009,-89.4784,-19.967,-15.599,-47.695,0
I,3967814,0.2131,-0.1077,8.9495,4.3238,41.9680,-99.6003,-19.427,-16.137,-48.562,0
I,3977814,1.0678,-0.1101,8.6957,8.4092,35.4436,-102.9235,-17.988,-16.854,-48.216,0
I,3987814,1.4078,-0.1317,8.7005,11.2141,31.2362,-100.8198,-18.528,-17.392,-46.308,0
I,3997814,1.5658,-0.2394,8.8370,12.2202,29.5289,-96.7040,-18.168,-18.109,-48.042,0
I,4007814,2.2505,-0.7542,8.8753,11.5799,26.5411,-90.2101,-19.068,-16.854,-48.562,0
I,4017815,2.8874,-0.9242,8.6359,11.7628,22.6387,-79.2040,-19.068,-17.930,-48.216,0
I,4027815,2.8276,-0.7973,8.9447,12.1592,26.5106,-69.2649,-19.427,-19.364,-47.522,0
I,4037814,2.5905,0.2179,8.8729,10.1165,36.1753,-61.8259,-16.729,-18.468,-47.695,0
I,4047814,2.1572,0.5004,9.2895,11.0616,51.7241,-53.7771,-18.528,-19.185,-47.695,0
I,4057814,1.5921,-0.0263,9.7229,8.0738,51.7850,-47.8015,-16.189,-17.213,-47.522,0
I,4067814,1.4892,-0.5171,9.5098,2.7689,46.2667,-49.4174,-18.708,-19.005,-48.562,0
I,4107814,1.0750,-0.0503,9.3111,-20.4933,102.1204,-96.6430,-16.010,-20.261,-48.042,0
I,4117814,2.4301,0.3400,9.6031,-33.4201,121.3887,-93.1979,-15.110,-19.005,-48.562,0
I,4127814,3.5602,-0.0455,10.1754,-42.9628,137.6692,-76.4296,-12.952,-20.440,-47.869,0
I,4137814,3.4405,0.5387,9.8114,-45.1579,134.2241,-47.3747,-12.952,-20.081,-48.216,0
I,4147814,1.7262,0.5507,9.6845,-38.6640,112.2119,-18.8381,-12.052,-19.185,-49.430,0
I,4157815,0.3304,0.1939,9.2680,-27.0481,88.1265,-1.3381,-12.052,-19.543,-49.083,0
I,4167815,-0.5028,-0.4238,8.6383,-10.4018,68.7058,2.9302,-12.412,-17.750,-50.470,0
I,4177814,-0.8499,-1.0415,8.5305,8.1958,49.9253,-2.4052,-11.333,-19.543,-50.470,0
I,4187815,-0.6393,-1.4150,8.5808,24.5372,23.4314,-12.4966,-12.592,-19.005,-49.256,0
I,4197814,-0.2179,-1.4389,8.7269,37.6165,-1.8430,-24.3564,-11.513,-19.723,-48.909,0
I,4207814,-0.0359,-1.2330,9.0812,45.6958,-16.7820,-38.0759,-11.692,-19.185,-49.083,0
I,4217816,0.7638,-0.8906,9.4571,47.6165,-23.6113,-49.2649,-12.052,-19.185,-50.123,0
I,4227815,1.9082,-0.2298,9.6462,43.0128,-23.1235,-50.4235,-12.772,-19.543,-49.083,0
I,4237814,2.8347,0.3448,9.6654,32.9214,-12.2698,-39.6003,-12.952,-20.798,-48.562,0
I,42478747815,0.7302,0.3448,9.1506,-7.3225,32.9741,18.4180,-12.592,-21.516,-48.216,0
I,4287814,0.9792,0.0838,8.7987,-8.5420,46.2667,17.5338,-13.851,-21.336,-48.042,0
I,4297814,0.7805,-0.0575,9.1387,-7.8103,56.6631,15.8570,-13.311,-20.081,-48.562,0
I,4307814,0.8452,-0.0958,9.3829,-8.2981,54.1936,14.9424,-12.772,-20.261,-48.389,0
I,4317814,0.9361,0.0694,9.3182,-7.4445,44.3765,16.9851,-10.613,-19.543,-49.083,0
I,4327815,1.1013,0.3855,9.4355,-5.7067,34.9253,22.9302,-10.793,-20.081,-48.216,0
I,4337817,1.0199,0.3735,9.6726,-3.9384,27.3948,29.2412,-12.772,-19.185,-49.083,0
I,4347814,1.8340,0.1580,9.6822,-4.7006,26.5106,37.4729,-11.692,-19.902,-48.736,0
I,4357814,1.6520,0.1341,9.3613,-7.5359,32.2423,48.8753,-12.412,-20.261,-48.042,0
I,4367814,0.8667,-0.1820,8.7508,-8.9079,37.2423,55.1863,-12.592,-21.157,-47.175,0
I,4377815,0.7278,-0.3400,8.5808,-1.9872,34.9253,55.5521,-11.153,-19.364,-50.644,0
I,4387815,0.4094,-0.5698,9.0118,8.9275,30.5960,52.2899,-12.052,-20.261,-49.083,0
I,4397817,0.6967,-0.6776,9.3374,17.7384,28.3399,46.7107,-12.772,-20.261,-48.736,0
I,4407814,1.0942,-0.5794,9.5337,22.6775,29.4680,41.9241,-12.412,-21.695,-48.389,0
I,4417814,1.4174,-0.3567,9.5289,24.3848,26.3277,40.6741,-14.571,-19.543,-47.348,0
I,4457814,1.3934,0.5794,9.2392,13.4397,17.3948,70.4912,-14.211,-21.336,-49.777,0
I,4467814,1.0558,0.1580,8.9663,9.3848,20.5960,77.5338,-13.851,-18.826,-48.389,0
I,4477814,0.4764,-0.2418,8.5162,7.5860,26.2362,77.3204,-13.671,-19.723,-49.256,0
I,4487814,0.2035,-0.5674,8.6191,7.6470,33.3094,69.7595,-15.110,-20.081,-48.216,0
I,4497814,0.3136,-0.6369,8.9591,4.6287,44.6509,58.8753,-14.571,-19.543,-48.042,0
I,4507814,0.6967,-0.3256,9.1195,1.5799,53.0960,48.8753,-14.571,-19.543,-47.348,0
I,4517814,0.5578,-0.1676,9.4523,1.7323,54.6814,41.9851,-13.671,-19.723,-47.522,0
I,4527814,-0.8811,-0.5100,8.5641,6.1226,37.9436,34.1802,-13.491,-19.902,-49.777,0
I,4537814,-0.3280,-0.7230,8.7580,15.5738,11.2362,25.5216,-13.491,-19.185,-49.083,0
I,4547815,0.6249,-0.3448,8.7891,24.2628,-9.5564,22.8692,-14.750,-20.440,-48.909,0
I,4557814,1.0439,0.1891,8.8825,29.5677,-16.1113,25.6131,-13.311,-21.516,-48.909,0
I,4567814,0.8882,0.3903,8.8705,31.4580,-14.2820,29.6680,-15.290,-20.978,-48.736,0
I,4577814,0.5363,0.4836,9.0812,30.1775,-13.3064,31.2838,-16.189,-21.516,-47.522,0
I,4587814,0.3591,0.4453,9.3637,24.8421,-10.2272,28.9668,-14.930,-20.978,-48.042,0
I,4597814,0.3041,0.3711,9.2057,17.2506,-5.9894,24.4241,-14.930,-20.261,-48.042,0
I,4607814,0.5914,0.4286,8.9447,10.1775,-0.8064,19.8204,-16.189,-21.157,-46.828,0
I,4617815,0.9337,0.4860,9.2440,3.3787,8.5228,16.8936,-16.549,-19.364,-47.175,0
I,4627817,1.0870,0.6464,9.5912,-4.4262,15.6875,16.4668,-15.830,-20.440,-46.828,0
I,4637814,1.2785,0.7542,9.6343,-12.0481,18.9192,18.5399,-15.650,-20.261,-48.042,0
I,4647814,1.4389,0.6464,9.4858,-18.3896,21.1143,22.3204,-16.010,-20.261,-48.042,0
I,4657815,1.6065,0.4836,9.2440,-20.0664,26.4497,26.4058,-16.369,-19.543,-47.002,0
I,4667814,1.6544,0.3136,9.0477,-17.5969,35.2606,31.2838,-17.629,-20.798,-49.603,0
I,4677814,1.6113,0.2107,9.0884,-14.3347,43.8582,37.5034,-16.189,-20.440,-48.562,0
I,4687816,1.1827,0.3160,9.0621,-12.0786,49.7423,44.5155,-17.269,-19.723,-47.522,0
I,4697814,0.4669,0.3687,8.9328,-9.6701,57.6692,48.5399,-17.089,-20.619,-49.430,0
I,4707814,-0.3543,0.2682,8.7101,-6.5908,60.6265,47.0765,-16.369,-19.902,-49.430,0
I,4717814,-1.0223,0.2682,8.4013,-1.3774,55.6875,39.3936,-15.830,-20.081,-48.562,0
I,4727814,-1.0870,0.2729,8.4324,4.6592,50.8704,28.3570,-17.089,-19.185,-49.083,0
I,4737814,-0.4262,0.3735,8.9328,8.8970,45.8704,19.1192,-16.010,-18.826,-48.389,0
I,4747815,0.2610,0.5100,9.4691,8.8970,43.7667,16.3753,-15.110,-19.364,-48.562,0
I,4757814,0.5531,0.5794,9.7683,4.7506,44.8033,18.3875,-16.189,-20.081,-48.909,0
I,4767814,0.5746,0.5962,9.8162,-1.5298,47.2728,22.1070,-15.650,-18.468,-48.736,0
I,4777814,0.9385,0.4501,9.5193,-7.7189,52.0594,25.9485,-16.010,-20.261,-48.736,0
I,4787815,0.8452,0.1269,9.4068,-11.6823,57.8521,31.5887,-15.470,-19.723,-47.869,0
I,4797814,1.0798,-0.2634,9.1578,-13.7859,60.7180,37.0765,-14.031,-18.288,-50.297,0
I,4807814,1.1277,-0.9505,8.5928,-12.5969,66.0838,43.2960,-15.290,-19.543,-48.389,0
I,4817814,0.9960,-0.5842,8.3414,-7.5664,77.5777,46.6497,-15.830,-17.571,-48.562,0
I,4827814,-0.4118,-0.0144,8.3606,-1.5298,84.3765,45.9485,-15.110,-19.364,-48.909,0
I,4837814,-1.6951,0.0670,8.6814,4.0799,83.5838,39.3936,-15.650,-17.750,-50.470,0
I,4847814,-2.0207,0.0024,8.9639,8.0433,72.8826,26.1314,-13.851,-18.109,-47.002,0
I,4857814,-1.6783,-0.0694,9.1842,10.9702,59.9863,11.2229,-12.592,-17.571,-49.950,0
I,4867817,-0.8475,-0.0862,9.5361,11.4884,50.9619,1.6497,-13.311,-19.005,-49.950,0
I,4877815,-0.1796,0.0192,9.7348,8.6836,45.3521,0.6741,-14.391,-19.723,-48.216,0
I,4887814,0.2346,0.2442,9.6822,3.8360,43.3704,6.0095,-13.671,-19.723,-49.603,0
I,4897814,0.3376,0.3950,9.5816,-1.0420,40.6875,14.5765,-12.412,-18.826,-48.736,0
I,4907815,0.4334,0.4477,9.1602,-4.5786,35.3826,25.3692,-12.592,-18.647,-48.562,0
I,4917815,-0.2035,0.2921,8.6838,-3.9994,29.6814,34.8814,-12.772,-17.033,-49.083,0
I,4927814,-0.9194,-0.1532,8.6455,0.2080,27.1509,36.9851,-14.031,-19.005,-49.256,0
I,4937814,-0.9792,-0.8404,8.2911,7.4031,30.5960,27.5948,-13.131,-18.826,-50.123,0
I,4947814,-2.0590,-0.3424,9.2680,12.6165,29.4680,13.3570,-13.311,-18.647,-49.950,0
I,4957815,-1.1109,0.3352,10.3334,7.5860,21.6326,2.0460,-14.571,-18.826,-48.389,0
I,4967814,-0.5986,0.5986,10.2137,-2.5055,17.9741,0.3692,-13.131,-18.109,-49.430,0
I,4977814,-0.7733,0.5818,10.0796,-13.1152,21.0228,1.1009,-13.131,-18.826,-50.817,0
I,4987814,-0.7207,0.4166,9.6582,-22.2006,27.7911,-0.9723,-14.571,-19.902,-48.389,0
I,4997814,-0.5555,0.1532,9.1602,-26.8652,31.3277,-3.1979,-13.851,-19.185,-49.777,0
I,5007814,-0.5339,0.1676,8.7963,-26.9262,26.8765,-2.5271,-14.391,-17.571,-48.909,0
I,5017814,-0.6369,0.2035,8.8729,-24.5786,16.5716,0.0034,-14.031,-17.213,-50.644,0
I,5027814,-1.0774,-0.2035,9.0070,-22.2616,4.8948,0.5826,-14.391,-17.571,-49.256,0
I,5037814,-1.0534,-0.7709,9.0932,-20.0969,-14.8918,-1.2771,-14.211,-17.392,-50.123,0
I,5047814,-0.5195,-0.4046,9.1818,-17.0177,-24.5564,-4.9052,-14.571,-16.675,-50.470,0
I,5057814,-0.0192,-0.3903,9.7205,-16.3774,-23.8552,-6.1552,-14.930,-17.033,-50.470,0
I,5067814,0.1700,-0.4908,9.7755,-18.6945,-19.0381,-4.3259,-15.290,-17.033,-51.858,0
I,5077814,-0.1556,-0.5866,9.6558,-20.1274,-15.4101,-2.7101,-15.290,-17.750,-49.430,0
I,5087814,-0.1676,-0.5602,9.4691,-21.1030,-16.8735,-3.8076,-16.549,-17.930,-50.644,0
I,5127814,-0.2203,-0.3496,9.1818,-24.1518,-17.8186,-3.1369,-15.830,-17.213,-50.297,0
I,5137815,-0.2083,-0.2466,8.9998,-22.5664,-39.0686,-4.2954,-15.650,-16.675,-50.123,0
I,5147815,0.2634,-0.3280,9.2105,-17.9628,-66.9955,-2.2832,-17.629,-16.137,-49.603,0
I,5157816,0.4597,-0.5243,9.4715,-14.1518,-88.9772,0.6131,-16.909,-16.854,-49.950,0
I,5167814,0.2370,-0.7111,9.1435,-11.0116,-101.7516,1.2229,-17.629,-16.854,-49.603,0
I,5177814,0.5962,-0.9936,9.2847,-6.8042,-103.5503,-4.3564,-18.888,-15.957,-49.083,0
I,5187814,1.3001,-0.7997,9.3733,-5.9811,-102.2699,-9.8442,-18.348,-15.420,-48.216,0
I,5197815,1.8459,-0.6728,9.1889,-7.2006,-100.4711,-10.3930,-20.687,-15.599,-49.083,0
I,5207814,2.0231,-0.6895,8.8897,-6.8652,-95.2881,-7.2527,-20.866,-15.420,-48.562,0
I,5217814,1.7861,-0.7949,8.6910,-4.5177,-90.3186,-5.3930,-21.766,-16.675,-47.348,0
I,5227814,2.0949,-0.8164,8.7628,-0.7981,-90.4101,-8.3503,-22.665,-15.420,-47.522,0
I,5237814,2.3104,-0.6273,8.7245,2.4945,-90.1967,-12.4966,-22.665,-15.420,-47.522,2
I,5247814,2.5953,-0.7805,8.7987,4.1104,-91.4467,-12.6491,-24.824,-15.778,-46.134,0
I,5257814,2.7581,-0.6895,8.7724,5.3604,-104.6479,-9.4479,-24.824,-16.495,-45.788,0
I,5267815,2.9688,-0.4860,8.4898,9.2019,-125.0137,-5.0881,-25.363,-16.316,-43.880,0
I,5277814,3.0765,-0.4142,8.4970,14.2323,-142.8186,-2.6491,-26.263,-15.420,-46.134,0
I,5287814,2.9449,-0.5890,8.5138,19.0189,-168.4589,-3.5027,-28.601,-15.240,-43.533,0
I,5297814,3.1053,-0.7973,8.3414,22.7080,-194.8308,-7.3747,-29.141,-16.495,-41.972,0
I,5307814,3.4764,-0.6536,8.6598,23.8665,-209.5564,-12.1918,-30.760,-15.957,-39.717,0
I,5317815,4.2569,-0.5435,8.2935,22.7689,-213.7637,-14.8442,-31.659,-18.647,-40.584,0
I,5327814,5.0302,-0.6991,7.9080,24.0799,-201.9345,-14.8747,-33.458,-17.571,-38.850,0
I,5337814,5.4013,-0.7230,7.6591,26.7019,-176.8735,-14.2649,-33.998,-17.392,-35.208,0
I,5347814,5.8706,-0.5171,7.1874,27.8909,-155.5625,-13.0759,-33.818,-18.647,-35.034,0
I,5357814,6.5529,-0.3232,6.8953,28.1348,-133.9467,-11.9784,-35.617,-17.571,-35.034,0
I,5367814,7.1323,-0.2873,6.3590,26.5799,-99.3735,-10.6674,-35.977,-19.364,-33.300,0
I,5377815,6.6918,-0.5076,5.9304,24.6897,-65.1052,-12.1308,-35.077,-18.826,-32.780,0
I,5387816,5.6168,-0.2849,6.1172,22.5250,-64.7699,-18.6552,-36.156,-18.109,-31.739,0
I,5397815,5.3678,-0.0311,6.7086,19.4763,-91.1113,-24.4174,-37.236,-18.109,-31.392,0
I,5407814,5.6503,0.1053,7.1778,14.5982,-123.3369,-25.1491,-36.516,-18.826,-30.352,0
I,5417814,6.1579,0.2825,7.2927,8.3177,-146.9345,-21.9174,-36.696,-19.005,-28.791,0
I,5427814,7.0246,0.1317,6.4643,3.8665,-150.5625,-16.3991,-35.977,-18.647,-28.097,0
I,5437814,7.8243,-0.2011,5.6000,3.5616,-123.5199,-10.6369,-37.775,-17.930,-26.363,0
I,5447816,8.1044,0.0479,5.2912,6.1836,-79.1601,-8.1979,-37.236,-19.543,-25.842,0
I,5457814,8.4276,0.2203,4.8698,7.3421,-44.9528,-8.3198,-38.675,-20.261,-24.802,0
I,5467815,8.5641,-0.0048,4.7142,6.7323,-14.4650,-7.6796,-39.035,-19.543,-25.842,0
I,5477814,8.4443,-0.2155,4.3790,5.2080,7.4862,-5.6674,-39.035,-19.185,-25.148,0
I,5487814,7.2688,-0.3903,4.4484,6.2750,6.9070,-5.1796,-38.135,-20.081,-24.281,0
I,5497814,5.9544,0.2945,5.5450,10.2689,-31.1418,-9.8137,-38.135,-19.364,-24.975,0
I,5507814,5.3008,1.7119,6.5098,10.4519,-99.6784,-18.5332,-39.394,-19.902,-24.108,0
I,5517814,6.8690,1.3336,6.7157,3.2872,-151.0199,-26.9784,-39.214,-20.440,-22.200,0
I,5527814,8.2193,0.0168,6.0071,-5.2494,-131.2637,-24.9052,-39.035,-21.336,-20.986,0
I,5537814,8.9064,-0.6129,4.8746,-9.6091,-69.7089,-12.4052,-39.035,-20.261,-19.598,0
I,5547814,8.9783,0.4094,3.7589,-10.1579,-26.1723,2.4119,-40.294,-20.440,-19.772,0
I,5557814,9.2129,0.6129,3.5458,-12.6579,1.3887,8.8143,-40.833,-19.185,-19.598,0
I,5567817,9.4691,0.3184,3.7517,-17.0786,42.7911,5.0338,-40.294,-19.723,-19.425,0
I,5577814,9.5026,0.2179,3.8858,-20.3713,83.7972,-1.1247,-40.294,-21.516,-20.466,0
I,5587814,8.9184,-0.0575,4.1683,-21.7433,111.3887,-2.5271,-39.754,-20.261,-20.986,0
I,5597814,8.2983,0.0359,4.1635,-21.0116,117.9436,-0.5149,-37.775,-21.157,-20.812,0
I,5607814,8.3055,0.1652,4.4365,-16.5603,108.1265,5.9485,-40.474,-20.978,-21.680,0
I,5617814,8.1427,0.2274,4.8004,-11.3164,98.7058,13.2046,-38.495,-20.798,-23.934,0
I,5627814,8.1690,0.2873,4.9464,-7.1396,101.5106,18.0521,-40.474,-19.902,-24.455,0
I,5637814,8.0469,0.3160,5.0254,-6.1640,115.0472,18.8448,-40.294,-20.798,-24.628,0
I,5647814,8.1283,0.1796,5.2577,-7.3530,129.1631,18.6009,-39.214,-19.364,-23.934,0
I,5657814,7.9368,-0.0982,5.4109,-9.9140,143.1570,19.4851,-39.035,-20.978,-26.189,0
I,5667814,7.5824,-0.0407,5.5210,-13.2981,158.6753,19.6070,-38.675,-19.185,-27.230,0
I,5677815,7.2951,0.0359,5.7916,-17.1701,174.8338,18.2960,-37.955,-18.826,-27.923,0
I,5687814,7.2975,-0.1365,5.9927,-21.0725,192.5472,17.6558,-37.955,-20.261,-28.964,0
I,5697814,6.6343,-0.2059,5.7365,-23.3286,213.5228,16.9851,-38.675,-20.619,-28.964,0
I,5707814,6.2584,0.2035,6.3542,-21.7738,220.6265,15.3387,-37.955,-19.185,-30.698,0
I,5717815,6.2560,0.2011,7.3119,-20.3713,223.5228,15.9180,-36.696,-19.005,-31.913,0
I,5727815,6.0047,-0.3112,7.4747,-19.3652,231.3582,17.0765,-35.077,-18.468,-34.167,0
I,5737815,6.2321,-0.3376,7.2329,-18.2067,243.1265,18.8448,-35.617,-17.571,-34.341,0
I,5747814,6.0310,-0.3807,6.6798,-16.0116,258.7667,21.8326,-33.998,-18.826,-35.208,0
I,5757814,5.7557,-0.5531,6.8211,-14.1213,270.6265,23.9668,-33.458,-18.288,-38.156,0
I,5767814,5.3846,-0.6249,7.2042,-15.6152,280.6875,25.4302,-31.659,-17.213,-39.197,0
I,5777814,4.8483,-0.6416,7.2472,-18.9994,287.7607,27.0460,-29.681,-17.750,-40.064,0
I,5787814,3.9720,-0.6225,7.2688,-19.7920,290.6570,28.2046,-27.882,-17.392,-41.798,0
I,5797814,2.6121,-0.4429,7.2951,-16.1640,286.8460,26.8021,-28.062,-16.854,-42.666,0
I,5807814,1.7957,-0.2083,7.5800,-8.9079,259.7728,26.8631,-26.803,-17.033,-43.880,0
I,5817814,1.3001,-0.2394,8.3246,-0.7981,220.6570,29.4851,-25.543,-17.930,-44.747,0
I,5827814,0.9290,-0.4980,8.5736,7.4641,189.9253,29.4241,-24.464,-17.213,-46.481,0
I,5837814,1.1301,-0.4884,8.6910,17.1592,169.3155,26.6497,-22.665,-17.213,-46.134,0
I,5847814,1.2737,-0.4597,8.9040,25.7567,164.4680,23.6314,-23.385,-16.495,-46.481,0
I,5857816,1.0391,-0.6081,9.0549,31.4275,164.5594,19.6375,-21.046,-15.957,-47.002,0
I,5867814,1.0726,-0.6632,9.2847,32.8299,160.3521,16.6802,-20.507,-16.854,-47.522,0
I,5877814,1.0918,-0.8332,9.4930,30.5738,158.8582,15.0948,-20.327,-16.316,-48.736,0
I,5887815,1.0056,-0.8763,9.3709,26.4580,162.3033,14.2107,-19.967,-17.033,-49.083,0
I,5897814,0.5411,-0.5483,9.1339,21.7323,159.5899,13.7534,-18.528,-16.316,-49.083,0
I,5907814,0.1772,-0.2155,8.8705,18.4702,144.9863,13.4485,-17.449,-17.750,-49.083,0
I,5917816,0.1149,0.0718,8.7939,17.2811,127.6997,14.0277,-16.549,-16.854,-50.297,0
I,5927814,-0.1149,0.0814,8.8609,16.0921,117.7606,14.1497,-16.369,-18.468,-48.736,0
I,5937814,-0.0862,0.0024,9.1411,12.4031,111.9680,13.9668,-15.470,-17.930,-49.603,0
I,5947814,-0.3543,-0.2682,9.3805,5.3909,109.1326,13.2960,-14.930,-17.392,-49.777,0
I,5957815,-0.2705,-0.3424,9.5696,-3.0238,112.2423,10.0948,-14.391,-16.854,-48.909,0
I,5967814,-0.3519,-0.2490,9.5577,-9.1213,114.7423,7.4424,-13.851,-17.392,-49.777,0
I,5977815,-0.7494,-0.2514,9.6941,-11.3164,108.0350,5.3387,-14.750,-17.213,-50.297,0
I,5987814,-0.9433,-0.3041,9.8689,-8.9384,102.1509,3.6009,-13.311,-17.213,-49.950,0
I,6017815,-1.5083,-0.3855,9.3565,11.1836,64.8948,-2.5271,-11.692,-17.392,-50.123,0
I,6027814,-1.1205,-0.5962,9.5457,13.7141,56.8765,-3.1979,-11.333,-18.109,-51.164,0
I,6037814,-0.4501,-0.4310,9.6750,11.8848,51.8765,-2.1918,-11.692,-15.957,-49.430,0
I,6047814,-0.5578,-0.1365,9.4523,6.7323,57.4863,-0.2710,-11.153,-17.930,-50.297,0
I,6057814,-0.7422,0.0455,9.3398,1.3970,71.9984,-0.8198,-10.793,-17.930,-52.031,0
I,6067815,-0.9433,0.2562,9.0357,-4.6091,78.1265,-0.9418,-9.894,-19.543,-52.205,0
I,6077815,-1.1372,0.1652,9.0070,-8.7250,68.1570,0.5216,-11.872,-17.571,-50.297,0
I,6087814,-1.3599,-0.0646,9.1842,-11.7738,55.4436,0.9485,-10.253,-15.957,-50.817,0
I,6097814,-1.3767,-0.2394,9.2129,-14.3347,46.6631,0.1863,-10.073,-18.288,-51.338,0
I,6107815,-1.2570,-0.3591,9.2464,-15.2189,39.5289,-0.5454,-8.095,-17.750,-51.164,0
I,6117815,-1.3455,-0.6081,9.2249,-14.2433,33.2484,-0.6369,-8.814,-18.109,-51.858,0
I,6127814,-1.3192,-0.6800,9.3518,-11.6518,31.3277,-0.3015,-9.174,-17.750,-49.430,0
I,6137815,-1.4293,-0.7374,9.4236,-8.7555,33.4619,0.1253,-8.814,-16.675,-51.164,0
I,6147814,-1.5826,-0.8954,9.2249,-5.2798,36.9984,-1.1857,-8.634,-17.930,-51.338,0
I,6157814,-1.1492,-0.8116,9.3206,-1.0725,43.5838,-3.2893,-8.454,-17.033,-50.817,0
I,6187814,-1.7071,-0.2346,8.9160,-3.6945,29.5899,3.6924,-8.454,-17.750,-50.470,0
I,6197814,-1.6328,-0.2490,8.9399,-3.5116,39.2241,3.3570,-8.095,-16.316,-50.817,0
I,6207815,-1.5347,-0.3735,8.9711,-4.7311,46.8460,2.3509,-9.534,-17.033,-50.470,0
I,6217814,-1.5203,-0.5243,8.8298,-6.1335,49.8643,2.3509,-8.454,-18.468,-51.511,0
I,6227814,-1.5634,-0.6656,8.7317,-6.3774,51.6631,1.9851,-7.735,-17.392,-51.164,0
I,6237814,-1.3431,-0.6201,8.9088,-6.8347,59.4375,2.0155,-7.375,-16.316,-51.858,0
I,6247814,-1.3982,-0.5219,8.8633,-7.8713,70.9923,3.9973,-8.454,-15.957,-51.858,0
I,6257814,-1.4389,-0.5483,9.1075,-7.2920,85.3521,5.0034,-7.375,-15.957,-51.511,0
I,6267815,-1.8100,-0.6153,9.3637,-6.8652,102.2423,5.7046,-6.296,-16.316,-51.858,0
I,6277814,-1.5179,-0.7015,9.4810,-8.2067,120.3216,7.8082,-6.296,-16.316,-52.205,0
I,6287814,-1.6400,-0.9242,9.1554,-8.6640,137.3033,10.3082,-5.396,-16.854,-52.378,0
I,6297814,-2.2027,-0.6967,9.1770,-8.1457,158.5838,12.4424,-5.217,-16.675,-51.164,0
I,6307814,-2.4373,-0.4884,9.1099,-8.7555,174.3765,14.1802,-4.137,-15.957,-50.817,0
I,6317815,-2.5594,-0.6009,8.5210,-8.0847,182.4253,17.4729,-3.418,-16.316,-51.511,0
I,6327816,-2.8084,-0.6369,8.2959,-6.4384,184.8948,21.0095,-1.259,-15.957,-52.205,0
I,6337814,-2.9951,-0.7350,8.1499,-5.8896,184.9253,23.2351,-0.899,-15.599,-52.205,0
I,6347814,-3.4429,-0.6512,8.0254,-7.6884,185.2302,24.0277,-0.720,-16.137,-50.297,0
I,6357814,-3.9289,-0.5866,7.8243,-11.8957,184.9558,21.9241,0.360,-16.854,-50.644,0
I,6367814,-4.2066,-0.4836,7.6231,-15.7067,179.6509,17.5643,2.518,-16.495,-50.991,0
I,6377814,-4.4604,-0.5602,7.4627,-18.3591,172.1204,13.1436,2.518,-15.778,-50.991,0
I,6387816,-4.7238,-0.8308,7.7476,-18.6945,173.9802,9.9424,4.137,-15.957,-51.164,0
I,6397815,-5.0853,-0.6584,8.1547,-16.8957,179.6814,9.5765,5.756,-15.778,-50.297,0
I,6407815,-5.6623,-0.9098,8.6263,-13.6335,185.5960,14.9119,5.037,-16.495,-49.950,0
I,6417814,-6.0071,-1.1157,8.2768,-9.6701,185.1082,22.3204,6.116,-16.137,-49.950,0
I,6427814,-5.8107,-0.9816,7.6854,-4.5481,183.4009,28.4485,7.735,-17.033,-49.430,0
I,6437814,-5.8012,-0.9505,7.1730,-2.2006,185.4741,30.6436,7.555,-14.702,-48.909,0
I,6447815,-5.6024,-0.7661,6.8331,-6.7433,189.9253,25.8875,9.534,-15.240,-49.430,0
I,6507814,-7.6519,-0.4717,5.9137,-22.8713,141.2058,-11.8869,14.571,-14.882,-47.002,0
I,6517814,-7.8410,-0.9553,6.1387,-15.3713,132.7607,-6.2771,17.089,-14.882,-45.961,0
I,6527814,-8.0302,-1.2522,6.6272,-7.7798,120.2911,2.3814,14.930,-13.806,-45.267,0
I,6537814,-8.0589,-1.4676,6.4572,-2.9628,102.0899,10.5826,15.650,-14.882,-45.267,0
I,6547814,-7.6207,-1.2953,5.8083,0.3909,89.4680,16.3143,16.549,-14.702,-45.441,0
I,6557814,-7.5872,-0.7302,5.1451,1.1226,78.1570,19.7290,15.650,-14.523,-43.880,0
I,6567814,-7.4172,-0.5770,4.6639,0.2689,71.4192,18.3265,18.348,-14.344,-44.400,0
I,6577814,-7.3789,-0.6871,4.4436,-2.7798,70.8399,12.2290,18.708,-15.061,-44.053,0
I,6587814,-7.5465,-0.7494,4.4556,-6.2250,72.3948,2.8692,17.449,-14.523,-43.186,0
I,6597814,-7.6184,-0.7853,4.6040,-8.8774,76.2058,-6.6735,18.708,-13.985,-44.053,0
I,6607814,-7.7500,-0.7925,4.6639,-8.7250,83.4009,-10.9113,18.528,-14.164,-42.839,0
I,6617815,-8.2815,-0.8691,4.6926,-4.8835,89.8948,-10.8198,19.068,-15.420,-42.666,0
I,6627814,-8.3079,-0.9912,5.1619,0.7263,94.7119,-7.0698,19.967,-14.882,-43.533,0
I,6707814,-7.9416,-0.6033,4.1492,-1.2859,45.7484,3.2655,19.068,-15.778,-41.625,0
I,6717815,-8.2408,-0.6991,4.1420,-2.1701,34.7423,-2.8320,20.507,-15.061,-41.278,0
I,6727814,-8.3366,-0.7877,4.3167,-2.7189,26.6631,-7.6491,20.507,-15.061,-40.931,0
I,6737814,-8.5473,-0.9864,4.6376,-2.9628,21.7241,-9.7527,21.226,-15.778,-40.238,0
I,6747814,-8.7412,-1.2857,4.9225,-2.9018,17.4863,-8.5637,19.787,-15.420,-40.931,0
I,6757814,-8.6862,-1.2929,4.9009,-0.7067,10.0472,-2.3747,20.687,-15.240,-41.452,0
I,6767814,-8.9807,-1.0989,4.8746,3.6531,-1.5991,4.3936,20.687,-13.089,-40.411,0
I,6777814,-9.1004,-1.1037,4.6615,7.8299,-14.6174,9.0582,20.507,-15.061,-40.238,0
I,6787815,-8.8657,-0.8356,4.8028,9.7202,-34.4955,10.7351,20.507,-14.344,-41.972,0
I,6797817,-8.3965,-1.0415,4.3646,11.8848,-47.9406,8.9668,22.305,-14.702,-43.013,0
I,6807815,-8.0996,-1.0247,4.3048,12.6775,-51.4467,4.4546,19.967,-15.240,-41.452,0
I,6817814,-8.3941,-0.7733,4.2641,12.2202,-62.3918,-4.4479,19.607,-15.240,-43.186,0
I,6827815,-8.3797,-0.5243,4.6998,11.6714,-93.3369,-15.8198,17.808,-14.523,-42.839,0
I,6837814,-8.4060,-0.6153,4.9871,11.2750,-131.9345,-27.6796,18.168,-14.523,-43.533,0
I,6847814,-8.1666,-0.8954,5.6168,11.3970,-166.7820,-37.6796,17.808,-14.523,-44.920,0
I,6857817,-7.9033,-1.1899,6.0717,10.5738,-187.8491,-43.6552,17.089,-14.882,-45.267,0
I,6867814,-7.6686,-1.3910,6.4955,10.4823,-198.8247,-44.7223,14.930,-14.523,-44.573,0
I,6877814,-7.2808,-1.4748,6.9192,10.7262,-206.1723,-42.3747,13.131,-14.164,-46.655,0
I,6887814,-7.3598,-1.4988,7.1419,10.5433,-217.2394,-40.0576,13.671,-13.985,-47.869,0
I,6897815,-6.9360,-1.4269,7.0581,11.5189,-231.5991,-40.3015,11.153,-12.909,-48.562,0
I,6907815,-6.6200,-1.3120,7.2305,11.7019,-240.5625,-42.4662,8.814,-14.523,-48.736,0
I,6917815,-6.2800,-1.5036,7.2161,10.2994,-252.3613,-45.2101,7.015,-12.013,-49.430,0
I,6927814,-6.1938,-1.6400,6.8115,12.2811,-279.1906,-50.3625,7.015,-14.164,-49.777,0
I,6937814,-6.3973,-1.5850,6.9911,18.5311,-314.4650,-59.4479,4.497,-13.806,-52.552,0
I,6947815,-5.3774,-1.4892,7.5992,22.9214,-342.2089,-68.5332,1.439,-13.985,-53.072,0
I,6957815,-3.8235,-1.4317,7.9847,24.1104,-351.8735,-71.3686,0.899,-13.089,-51.858,0
I,6967815,-2.3846,-1.8555,8.9112,22.5555,-330.9284,-70.0881,-1.799,-13.985,-53.072,0
I,6977815,-1.2833,-2.2290,9.5960,21.7019,-284.6784,-64.0515,-3.957,-13.627,-53.766,0
I,6987814,-0.3567,-1.9561,9.3015,23.1043,-255.0747,-54.6308,-5.756,-14.344,-53.072,0
I,7037814,-0.0263,-0.2921,7.0054,12.0982,-128.1235,-26.9784,-12.772,-14.882,-51.858,0
I,7047814,-0.0790,-0.4477,7.5082,13.0433,-135.3796,-29.3564,-13.491,-13.806,-51.164,0
I,7057814,0.3184,-0.6177,8.0804,15.7872,-123.0320,-31.9174,-16.549,-13.985,-50.297,0
I,7067814,1.0415,-0.7494,8.2863,20.8787,-102.7272,-32.0088,-16.549,-14.702,-50.991,0
I,7077814,2.1500,-0.8499,8.5401,26.3665,-84.8308,-28.9601,-17.269,-13.985,-50.297,0
I,7087816,2.8419,-1.0104,8.6718,30.5433,-65.7150,-23.4723,-18.708,-16.495,-50.644,0
I,7097815,3.0550,-0.9026,8.5545,32.7994,-50.2577,-18.8991,-18.528,-16.675,-49.430,0
I,7107814,3.1603,-0.7063,8.4563,31.7933,-34.4345,-13.7162,-19.427,-15.420,-48.909,0
I,7117815,2.6887,-0.5698,8.3222,27.0677,-15.3186,-7.9235,-19.427,-15.420,-48.909,2
I,7127814,2.4038,-0.3735,7.9895,22.2811,1.1143,-3.8076,-19.787,-17.213,-48.216,0
I,7137814,2.0997,-0.2131,7.8123,20.1775,8.2789,0.2777,-20.687,-15.957,-48.389,0
I,7147815,1.7071,-0.2274,7.9392,20.0250,14.5289,3.0216,-18.888,-16.675,-49.430,0
I,7157814,1.7717,-0.4357,8.4156,19.0799,23.4314,3.1436,-20.687,-15.599,-48.042,0
I,7167814,1.8411,-0.6704,8.7891,17.5860,29.9253,1.8021,-19.967,-16.316,-49.083,0
I,7177814,2.0159,-0.7925,9.2105,17.0372,26.4192,0.4302,-21.766,-15.957,-49.083,0
I,7187814,2.2314,-0.9792,9.3781,16.8543,21.1143,0.6436,-20.866,-17.213,-48.909,0
I,7227814,2.1835,-0.4836,9.2536,9.1104,30.5655,-2.7405,-21.946,-18.288,-46.481,0
I,7237814,2.2601,-0.5626,9.1578,6.4580,30.9314,-0.8503,-20.327,-17.750,-47.002,0
I,7247815,2.1500,-0.5459,9.0501,4.5982,29.1021,0.0948,-19.068,-17.571,-48.562,0
I,7257814,2.2051,-0.4621,9.0190,2.1897,30.1692,0.4302,-20.507,-16.495,-47.869,0
I,7267814,2.0997,-0.3232,9.0501,0.2384,29.7423,1.5277,-17.629,-16.854,-47.522,0
I,7277815,1.9872,-0.2682,9.1913,-1.0420,26.6021,3.4485,-19.967,-17.033,-48.389,0
I,7287815,2.1907,-0.3663,9.2177,-1.6213,26.6631,5.5521,-20.687,-18.109,-47.002,0
I,7297815,2.2769,-0.3879,9.0621,-0.9506,32.3643,6.6192,-21.586,-16.854,-47.175,0
I,7307814,2.5283,-0.4381,9.1770,-0.9811,40.4741,7.7777,-20.507,-17.571,-48.562,0
I,7317814,2.4014,-0.5890,9.0956,-1.4384,52.6082,8.6009,-19.247,-18.826,-48.389,0
I,7327814,2.1763,-0.5531,9.1051,-1.4384,65.8704,7.9607,-20.147,-19.005,-48.216,0
I,7337814,1.9680,-0.5602,8.9902,-1.5908,75.6265,8.3570,-19.068,-15.778,-48.562,0
I,7347815,1.8052,-0.4477,8.7604,0.3909,72.0594,9.3021,-19.247,-17.392,-49.083,0
I,7357814,1.6831,-0.3328,8.7747,2.6470,63.2789,11.6497,-18.708,-17.571,-49.603,0
I,7367815,1.6544,-0.3855,8.9783,3.4397,56.8765,14.4851,-19.427,-17.930,-49.950,0
I,7377814,1.7406,-0.4334,9.1866,1.1531,54.8338,16.3143,-17.988,-16.854,-48.216,0
I,7387814,1.7119,-0.4405,9.2512,-2.0481,55.4131,17.4729,-18.348,-16.137,-49.256,0
I,7397814,1.3767,-0.5938,9.1387,-3.6945,56.3887,17.7168,-16.729,-16.316,-49.777,0
I,7407814,1.2450,-0.5124,9.0788,-3.6945,55.1997,17.5338,-17.269,-16.854,-49.950,0
I,7417815,1.2929,-0.4501,8.9232,-2.4750,54.8948,16.8021,-17.449,-17.392,-49.777,0
I,7427814,1.1013,-0.4429,8.8107,-0.4323,57.6082,15.2777,-17.629,-16.854,-49.603,0
I,7437815,1.0127,-0.3879,8.7795,0.4519,57.6997,13.7838,-17.089,-17.750,-48.389,0
I,7447814,1.0774,-0.3232,8.8681,-0.4628,59.1021,13.3875,-17.449,-17.033,-48.736,0
I,7457815,1.1205,-0.4980,9.0261,-2.0786,67.0289,14.4241,-17.269,-16.854,-48.909,0
I,7467814,0.9960,-0.6560,9.2967,-2.8103,73.7972,16.0704,-16.549,-17.930,-49.950,0
I,7477814,0.8954,-0.8356,9.3470,-1.8042,69.0411,18.7534,-16.909,-16.854,-47.869,0
I,7487814,0.9242,-0.8523,9.3470,1.8543,59.9253,21.0399,-16.549,-17.213,-48.909,0
I,7497814,0.7709,-0.6177,9.4403,5.3604,56.2363,21.4363,-15.650,-17.033,-51.164,0
I,7507814,0.6440,-0.4884,9.2919,6.5494,56.3277,19.8509,-16.010,-17.750,-49.777,0
I,7517814,0.6009,-0.3926,9.1650,5.7872,54.1326,18.6619,-15.830,-15.061,-49.256,0
I,7527814,0.5148,-0.2514,9.1267,3.6531,48.4923,17.8997,-16.189,-16.137,-50.297,0
I,7537814,0.4693,-0.1700,9.2249,0.1165,45.2606,17.3204,-16.010,-15.599,-50.470,0
I,7547814,0.4764,-0.2753,9.3158,-6.5908,39.9558,15.5216,-15.830,-17.571,-50.297,0
I,7557816,0.8739,-0.6105,9.4140,-15.4323,38.4314,14.7899,-16.369,-17.750,-50.123,0
I,7567814,0.9098,-0.7159,9.5768,-23.8774,44.5899,14.3326,-16.189,-15.778,-49.603,0
I,7577814,0.6464,-0.9553,9.6774,-30.4018,54.2241,14.0887,-15.470,-16.854,-50.991,0
I,7587814,0.6871,-0.9074,9.4044,-31.7737,53.2484,14.0582,-16.189,-15.778,-51.684,0
I,7597814,0.5578,-0.8284,9.3781,-28.3591,47.6997,16.3753,-16.010,-15.957,-50.123,0
I,7607814,0.3496,-0.8715,9.3494,-23.2067,45.0167,17.9302,-14.031,-15.061,-50.297,0
I,7617816,0.3591,-0.7901,9.2775,-18.9079,40.0777,18.9668,-14.750,-14.702,-50.644,0
I,7627815,0.2705,-0.8859,9.3326,-16.8652,33.4314,19.7595,-14.930,-15.240,-52.552,0
I,7637814,0.3280,-1.0151,9.2895,-17.5664,27.5472,19.8204,-14.750,-14.702,-51.338,0
I,7647814,0.3328,-1.0439,9.1578,-19.8225,25.8094,19.3631,-14.391,-16.137,-50.991,0
I,7657814,0.4094,-0.8116,9.1387,-23.4506,25.8704,19.0582,-15.830,-14.344,-51.338,0
I,7667814,0.3496,-0.8164,9.1650,-27.7798,26.5106,19.6070,-16.369,-14.523,-51.511,0
I,7677814,0.1891,-1.0846,8.9974,-31.4994,25.5045,19.6070,-16.369,-13.447,-51.164,0
I,7687814,0.0910,-1.0870,9.0022,-33.1762,23.3094,19.0582,-15.650,-14.164,-50.123,0
I,7697814,0.1053,-1.1516,8.9447,-33.8164,22.2423,18.3265,-15.290,-13.447,-51.511,0
I,7707814,-0.0335,-1.2043,8.8035,-32.2920,21.6631,18.2351,-15.470,-13.268,-52.031,0
I,7717814,-0.0335,-1.1947,8.8729,-29.0298,19.0106,17.8387,-15.470,-12.192,-52.725,0
I,7727814,0.2370,-1.2977,9.0285,-26.0420,15.9314,18.5095,-15.110,-12.909,-53.072,0
I,7737814,0.4836,-1.5490,9.1028,-22.9323,10.7484,20.2473,-16.369,-13.089,-53.245,0
I,7747814,0.5291,-1.6233,9.0142,-18.4811,5.3521,21.2229,-14.930,-12.730,-52.898,0
I,7757815,0.5722,-1.6328,9.0357,-14.4872,4.7119,21.6192,-16.549,-12.909,-51.684,0
I,7767814,0.4142,-1.6185,9.0860,-13.2981,7.8216,21.4363,-15.290,-12.371,-51.511,0
I,7777814,0.4453,-1.4964,9.0261,-14.5786,9.4680,21.1009,-15.650,-13.089,-51.858,0
I,7787814,0.3304,-1.5826,8.7628,-17.1701,10.2911,20.4302,-16.189,-11.834,-51.338,0
I,7797815,0.2801,-1.4437,8.7963,-19.2738,8.4619,19.4241,-16.189,-12.192,-52.378,0
I,7807814,0.2370,-1.3934,8.7556,-20.6762,10.0472,18.0216,-16.189,-12.192,-51.684,0
I,7817814,0.3783,-1.4485,8.9040,-21.2555,11.2667,17.2595,-17.269,-12.192,-52.031,0
I,7827814,0.3735,-1.6640,8.8538,-21.4384,11.4497,17.0460,-16.549,-10.758,-52.031,0
I,7837814,0.5626,-1.8028,8.9711,-20.1579,10.1082,15.8875,-16.909,-10.758,-52.378,0
I,7847816,0.8619,-1.8890,9.0166,-19.3957,9.1021,16.4973,-16.729,-11.296,-50.817,0
I,7857814,0.9936,-1.9968,9.0668,-19.3347,8.5228,18.5095,-16.729,-10.937,-51.858,0
I,7867814,1.0199,-2.2027,9.1147,-19.8835,8.7667,20.2777,-16.909,-11.116,-52.031,0
I,7877814,0.8499,-2.3224,9.1051,-21.8957,10.8094,20.3082,-18.708,-9.682,-52.031,0
I,7887814,0.6033,-2.3870,8.8657,-24.8225,13.7972,18.5704,-17.808,-10.937,-51.511,0
I,7897814,0.3663,-2.3056,8.7676,-26.8957,14.0716,16.3143,-17.988,-11.475,-52.378,0
I,7907816,0.3543,-2.1955,8.6431,-27.5359,9.8948,14.7899,-18.708,-10.041,-53.072,0
I,7917814,0.2322,-2.0734,8.6072,-24.9445,0.1997,14.5765,-19.247,-10.220,-52.898,0
I,7927814,0.2107,-2.0303,8.5497,-21.4079,-6.2638,13.9058,-18.888,-8.427,-52.552,0
I,7937814,0.2466,-1.9824,8.5425,-18.2067,-8.6723,13.1436,-19.967,-8.786,-51.164,0
I,7947814,0.4549,-2.0303,8.6407,-16.9262,-10.4101,11.7107,-17.629,-8.965,-52.725,0
I,7957814,0.5818,-2.1404,8.5928,-16.8652,-10.4406,9.9729,-21.946,-9.323,-50.991,0
I,7967814,0.6847,-2.2338,8.6790,-17.9323,-10.8369,7.9607,-20.327,-9.144,-50.470,0
I,7977814,0.9577,-2.3583,8.7125,-19.7006,-10.8064,6.8326,-19.607,-8.786,-51.858,0
I,7987815,1.0630,-2.4325,8.6191,-20.3408,-7.2698,6.0399,-18.708,-10.041,-51.684,0
I,7997814,1.0367,-2.5857,8.6981,-20.2189,-3.3674,5.3997,-21.406,-9.503,-52.205,0
I,8007814,0.9840,-2.8132,8.5760,-18.8469,1.2058,3.2655,-20.687,-8.786,-51.511,0
I,8017815,0.8739,-2.5450,8.5425,-17.9933,3.9497,1.2229,-19.967,-9.144,-51.164,0
I,8027817,0.8332,-2.3679,8.1187,-15.2189,-4.0077,1.7716,-19.247,-8.068,-52.898,0
I,8037814,0.9074,-2.3080,8.3127,-10.0055,-14.6784,2.5034,-20.147,-7.530,-52.378,0
I,8047814,0.9002,-2.6097,8.5856,-5.7981,-18.5808,3.0216,-19.967,-8.786,-52.205,0
I,8057814,1.1205,-2.7007,8.5425,-3.1457,-22.4833,2.7473,-21.586,-7.530,-50.991,0
I,8067814,1.5562,-2.7102,8.4755,-0.6457,-24.0686,2.9302,-21.766,-6.634,-51.164,0
I,8077814,1.7142,-2.6959,8.4515,1.1226,-24.8308,3.6924,-22.126,-8.068,-50.123,0
I,8087817,1.8794,-2.6695,8.3653,1.3970,-23.3674,4.6680,-22.126,-8.068,-50.123,2
I,8097814,1.8531,-2.5570,8.3270,0.2994,-20.0747,5.5826,-23.025,-7.172,-51.684,0
I,8107814,1.7430,-2.6552,8.1690,-2.1091,-14.9833,5.3997,-23.745,-7.530,-50.297,0
I,8117814,1.8938,-2.6552,8.1044,-3.0238,-6.2942,4.3021,-23.385,-7.530,-51.684,0
I,8127814,1.9537,-2.5953,8.3366,-3.6030,-0.2272,4.6680,-23.565,-8.068,-50.817,0
I,8137814,1.9632,-2.6624,8.3007,-2.2616,5.0472,5.9790,-24.284,-6.634,-51.164,0
I,8187814,1.9704,-2.4756,8.4659,11.1226,1.7241,7.8692,-23.205,-8.068,-50.470,0
I,8197814,1.8962,-2.6695,8.3845,9.9945,-3.2455,6.8326,-24.644,-9.144,-50.470,0
I,8207815,2.1332,-2.6791,8.4060,6.9458,-6.1113,4.7595,-23.745,-7.889,-49.256,0
I,8217814,2.1476,-2.6767,8.3486,3.9275,-4.8308,2.8692,-23.745,-7.889,-49.256,0
I,8227814,2.2960,-2.6504,8.3629,1.3970,-1.7211,1.2838,-24.644,-7.710,-49.430,0
I,8237814,2.3727,-2.7390,8.4683,-0.2798,4.6204,0.4302,-24.644,-7.710,-49.083,0
I,8247814,2.3798,-2.7007,8.5569,-1.7433,8.0350,-0.2405,-24.824,-8.248,-49.950,0
I,8257814,2.3750,-2.5618,8.4827,-2.7189,6.7545,-0.4235,-25.543,-8.248,-49.256,0
I,8267814,2.3128,-2.4541,8.2959,-2.6274,5.8094,-0.4540,-24.284,-7.710,-49.430,0
I,8277814,2.3487,-2.2936,8.1618,-1.7128,4.8338,-0.1796,-25.004,-8.068,-49.083,0
I,8287814,2.2434,-2.4325,8.2768,-0.7677,-0.7455,0.2473,-24.644,-7.351,-49.777,0
I,8297814,2.6719,-2.5642,8.4779,-1.2555,-8.1845,1.0399,-25.004,-8.068,-49.083,0
I,8307814,2.8323,-2.5067,8.4300,-2.9933,-15.4406,3.6924,-25.543,-7.172,-48.562,0
I,8317816,2.8491,-2.8754,8.2696,-4.0603,-16.7211,4.8509,-25.903,-6.813,-48.909,0
I,8327814,2.9473,-2.8635,8.3749,-5.5238,-9.8613,3.9363,-27.162,-7.351,-47.348,0
I,8337814,2.9521,-2.9018,8.3318,-7.0177,-2.9406,2.6863,-26.982,-7.172,-47.522,0
I,8347814,2.9185,-2.8778,8.1786,-7.0481,1.6936,1.4973,-27.162,-7.351,-48.042,0
I,8357814,2.8635,-2.6815,8.2600,-5.7372,5.8094,1.0095,-28.601,-6.993,-47.695,0
I,8367814,2.8467,-2.7102,8.1714,-4.2738,7.4862,0.4607,-28.961,-7.351,-48.736,0
I,8377816,2.9305,-2.6576,8.0637,-1.6823,7.1509,0.2777,-29.321,-8.427,-48.736,0
I,8387814,2.9808,-2.7414,8.0134,1.3665,8.1570,-0.2101,-27.162,-8.068,-48.042,0
I,8397814,3.0406,-2.6719,8.0278,3.4397,8.1265,-1.2162,-25.903,-8.606,-47.522,0
I,8407814,3.0646,-2.6887,8.0038,4.3238,5.9923,-2.0698,-27.522,-6.993,-47.348,0
I,8417814,3.0550,-2.7007,7.9104,4.5372,7.0899,-3.6552,-27.342,-6.813,-46.828,0
I,8427814,3.1364,-2.6719,7.7835,4.9945,14.6814,-5.9723,-28.062,-8.248,-47.869,0
I,8437814,3.0742,-2.6360,7.9248,5.1775,24.4984,-8.0759,-29.141,-7.889,-46.134,0
I,8447814,2.8754,-2.7581,7.9535,7.3726,30.7180,-10.2405,-27.702,-8.248,-46.481,0
I,8457814,2.7509,-2.7557,8.0876,12.1897,36.1143,-12.8625,-28.601,-8.786,-48.736,0
I,8467814,2.9832,-2.6695,8.1307,18.3177,40.8094,-14.8137,-28.781,-9.323,-46.828,0
I,8477815,3.1675,-2.6025,7.9847,23.7141,42.6997,-14.6613,-28.062,-7.889,-47.522,0
I,8487814,3.2010,-2.4588,7.8865,27.7384,40.9923,-13.1064,-28.421,-7.889,-47.175,0
I,8497814,3.3160,-2.3487,7.8769,29.3848,42.4253,-10.5454,-27.522,-7.710,-48.389,0
I,8507815,3.2992,-2.2577,7.8027,29.0799,46.9680,-7.1308,-28.062,-9.682,-47.175,0
I,8517815,3.1651,-2.0423,7.8913,28.6531,47.1204,-3.6552,-28.062,-9.323,-46.828,0
I,8527814,2.7988,-2.0973,8.2863,29.4153,48.0960,-0.8503,-27.162,-7.710,-48.389,0
I,8537815,2.6983,-2.0710,8.1906,31.3055,51.8155,-0.4235,-27.702,-7.172,-47.522,0
I,8547814,2.7174,-2.0135,8.2576,34.0189,57.0594,-1.4296,-26.263,-10.399,-47.522,0
I,8557814,2.6480,-2.0255,8.2648,36.0006,61.8765,-1.2466,-26.982,-10.399,-46.828,0
I,8567814,2.5738,-2.0423,8.2935,36.0616,65.8399,-0.5759,-26.623,-11.834,-49.256,0
I,8577814,2.6791,-2.0470,8.2528,34.9641,71.3277,0.7351,-26.263,-11.116,-47.869,0
I,8587814,2.6719,-1.9728,8.3797,33.1653,77.6387,1.1619,-25.543,-9.682,-46.828,0
I,8597815,2.6145,-1.8818,8.5449,29.8726,80.4436,2.0765,-26.443,-9.503,-48.736,0
I,8607815,2.6815,-1.8842,8.4180,26.7933,84.4070,3.9668,-27.162,-10.937,-48.042,0
I,8617814,2.6336,-1.8196,8.4156,24.8116,88.5533,5.9180,-24.644,-10.220,-50.470,0
I,8627814,2.3846,-1.8220,8.4348,23.6531,88.2789,7.7473,-25.363,-10.937,-48.736,0
I,8637814,1.9968,-1.8100,8.5234,23.7141,84.7119,7.3814,-23.565,-12.730,-50.123,0
I,8647814,1.7382,-1.5754,8.6431,24.5067,82.5777,4.9424,-24.104,-11.116,-47.522,0
I,8657814,1.7047,-1.4365,8.6718,24.9945,81.8765,3.1741,-23.565,-11.654,-48.389,0
I,8667815,1.7023,-1.4054,8.5545,25.7872,81.3277,2.5948,-22.485,-11.296,-49.083,0
I,8677815,1.5131,-1.6328,8.6239,26.1531,81.8765,1.0399,-23.745,-11.834,-48.216,0
I,8687814,1.5754,-1.8364,8.7388,25.5128,80.9619,-1.5820,-22.485,-11.296,-49.083,0
I,8697814,1.9010,-2.0231,8.7508,24.6287,83.2789,-3.4113,-23.565,-10.937,-49.777,0
I,8707814,2.0830,-1.7621,9.0836,23.1043,90.0167,-5.6369,-22.126,-11.654,-49.430,0
I,8717814,1.9297,-1.6544,9.1435,19.9031,92.7606,-7.0698,-20.866,-11.116,-49.950,0
I,8727814,1.9010,-1.4988,8.8945,17.7689,94.9558,-5.8198,-21.226,-11.116,-50.644,0
I,8737814,1.7047,-1.3767,8.7053,17.0067,100.7485,-4.1125,-19.967,-13.806,-50.123,0
I,8747814,1.6712,-1.3599,8.5521,16.3360,106.5411,-3.0149,-20.687,-12.371,-50.817,0
I,8757814,1.4222,-1.3360,8.5258,15.4519,108.8887,-0.6979,-21.406,-13.806,-50.817,0
I,8767814,1.1372,-1.3024,8.7724,14.4458,110.9923,0.7046,-19.787,-11.475,-51.338,0
I,8777815,0.9816,-1.4724,8.8681,14.6287,117.4558,1.6192,-18.888,-13.447,-50.123,0
I,8787816,0.7685,-1.5634,8.8346,16.6714,118.7972,2.1680,-18.528,-13.447,-49.777,0
I,8797814,0.2586,-1.7980,8.9807,19.2019,109.4070,3.5399,-17.988,-12.192,-52.378,0
I,8807814,0.7302,-0.9936,9.3948,20.5128,108.4009,3.6619,-17.449,-14.523,-52.205,0
I,8817814,0.1365,-1.1325,8.9783,22.2811,107.9131,2.9912,-17.629,-13.627,-51.684,0
I,8827815,-0.2131,-1.2067,8.9950,23.5616,105.4436,2.2290,-16.549,-12.551,-53.072,0
I,8877815,-0.5938,-1.0678,8.6598,11.2141,135.3826,2.8082,-11.333,-15.599,-52.552,0
I,8887814,-0.6943,-0.9266,8.8466,8.7141,130.5045,3.2655,-13.671,-15.061,-53.419,0
I,8897814,-0.6967,-0.7566,8.8921,5.8482,130.6570,3.0826,-12.412,-15.957,-53.245,0
I,8907814,-1.0822,-0.9313,9.1028,2.4641,130.9009,2.1680,-11.692,-14.164,-53.592,0
I,8917815,-1.3767,-1.2139,9.0573,1.5799,131.2972,1.0399,-9.354,-15.420,-52.725,0
I,8927815,-1.6352,-1.3551,9.0716,4.7506,128.5533,0.4302,-9.174,-15.599,-52.552,0
I,8937814,-1.7765,-1.2617,9.2440,8.2263,125.0167,-0.2405,-9.534,-15.957,-51.511,0
I,8947814,-1.7765,-1.0630,9.3039,9.6897,125.2606,0.1253,-7.195,-15.778,-53.419,0
I,8957815,-1.9585,-1.0127,9.1459,9.4763,127.3948,0.5216,-7.555,-14.702,-52.725,0
I,8967814,-2.3320,-0.8715,8.8562,8.2872,122.9131,0.7960,-6.836,-15.778,-53.072,0
I,8977814,-2.4756,-0.5962,8.6455,7.5250,109.2545,1.0095,-5.396,-16.137,-52.725,0
I,8987814,-2.6121,-0.5938,8.7293,6.1531,101.0533,1.3448,-4.677,-16.137,-52.378,0
I,8997814,-2.7749,-0.7949,8.6191,3.7141,99.3155,0.8265,-4.497,-16.675,-53.245,0
I,9037814,-2.9975,-0.8787,8.6790,4.3848,87.4558,-2.6186,-3.598,-15.778,-52.378,0
I,9047814,-2.9449,-0.9146,8.8178,6.0311,80.9619,-2.8320,-2.518,-15.778,-53.766,0
I,9057814,-3.0167,-0.9385,8.7724,6.1836,75.2911,-1.3686,-3.418,-15.240,-52.205,0
I,9067814,-3.2394,-0.9218,8.6622,5.2689,69.6814,-0.6674,-3.418,-15.240,-52.205,2
I,9077815,-3.3351,-0.9337,8.4683,4.6592,63.9802,-0.3320,-1.259,-17.033,-52.898,0
I,9087814,-3.4812,-0.8859,8.4898,3.0738,61.4497,-0.8503,-1.259,-15.240,-52.552,0
I,9097815,-3.4788,-0.8284,8.3701,0.3299,60.2911,-1.4905,-0.360,-16.854,-52.031,0
I,9107814,-3.5985,-0.8452,8.3869,-2.5055,62.6692,-2.7405,-1.079,-14.344,-52.378,0
I,9117814,-3.6488,-0.9002,8.3390,-5.6152,65.9619,-4.1735,-1.079,-16.495,-52.378,0
I,9127814,-3.4022,-0.9122,8.1594,-7.1701,67.5167,-4.2345,-0.360,-15.420,-54.113,0
I,9137816,-3.5817,-1.0008,8.3055,-6.0725,69.4680,-3.1979,-1.259,-15.599,-52.552,0
I,9147815,-3.7637,-1.0319,8.4755,-3.9994,70.7484,-2.1308,0.720,-15.420,-52.725,0
I,9157814,-3.9002,-1.0463,8.3677,-1.6213,66.1143,-1.7040,0.720,-15.778,-51.338,0
I,9167814,-3.9504,-1.0463,8.3103,-0.3103,57.9436,-2.8625,0.899,-14.164,-53.592,0
I,9177814,-4.0127,-0.8595,8.3055,-0.4628,48.3704,-4.4784,1.619,-15.957,-52.205,0
I,9217814,-3.9863,-1.0487,8.2935,-0.8286,29.7423,-5.3930,2.159,-16.137,-51.684,0
I,9227814,-3.8762,-1.0415,8.2265,-1.4384,28.1265,-4.3564,1.799,-15.420,-52.378,0
I,9237814,-3.8738,-1.0606,8.2504,-2.8103,30.1692,-3.8991,2.338,-14.882,-51.511,0
I,9247814,-3.8834,-1.0247,8.1762,-3.9079,32.7911,-3.7162,1.259,-15.957,-52.552,0
I,9257817,-3.8211,-0.9984,8.1211,-3.9994,34.4070,-2.8320,0.720,-15.420,-51.684,0
I,9267814,-4.0677,-1.0319,8.1738,-4.6701,36.1143,-3.3503,2.338,-14.882,-52.205,0
I,9277815,-4.0725,-1.0032,8.0685,-5.5542,35.4436,-4.1430,0.720,-14.344,-53.072,0
I,9287815,-4.0845,-0.9098,8.0062,-5.7981,33.2789,-4.7223,2.878,-14.702,-51.684,0
I,9297815,-4.1061,-0.9649,8.1283,-6.1945,29.8033,-4.8747,3.957,-15.778,-50.991,0
I,9307814,-4.2306,-1.0056,8.2815,-7.2006,26.8155,-4.5393,3.058,-14.882,-50.817,0
I,9317817,-4.3048,-1.0678,8.2600,-7.8713,23.2180,-4.0210,3.058,-13.089,-51.511,0
I,9327814,-4.2689,-1.1827,8.2744,-7.7189,21.9070,-3.7771,2.878,-15.778,-52.725,0
I,9337814,-4.2641,-1.2067,8.3031,-7.5359,21.5716,-3.6247,0.360,-14.702,-52.725,0
I,9407815,-4.2138,-1.2210,8.3869,-9.3957,9.8643,-5.4845,0.180,-15.240,-52.898,0
I,9417815,-4.1061,-1.4317,8.5162,-9.9140,7.9436,-4.9357,1.079,-15.061,-52.378,0
I,9427815,-4.1587,-1.4772,8.6311,-9.6396,5.0167,-4.7527,1.439,-14.702,-53.072,0
I,9437815,-4.0175,-1.4461,8.6143,-9.9140,-0.2881,-4.7527,1.079,-12.551,-51.684,0
I,9447814,-3.9528,-1.3886,8.4731,-10.4018,-3.5198,-4.2649,0.899,-13.447,-53.592,0
I,9457814,-3.9528,-1.3192,8.3103,-10.2798,-4.2820,-3.7162,0.360,-12.192,-52.725,0
I,9467814,-3.7757,-1.3982,8.2648,-10.1274,-4.8003,-3.6247,1.799,-14.344,-53.072,0
I,9477814,-3.6966,-1.3455,8.2289,-9.0298,-5.4101,-3.3198,0.720,-15.061,-52.725,0
I,9487814,-3.6464,-1.3096,8.3366,-7.6579,-9.6479,-2.4662,0.540,-14.523,-52.552,0
I,9497814,-3.5027,-1.3575,8.4060,-6.9872,-11.8125,-1.6125,2.338,-13.089,-54.286,0
I,9507814,-3.5147,-1.3719,8.4443,-7.5664,-11.7820,-1.0027,-0.540,-13.089,-52.898,0
I,9517814,-3.6152,-1.4078,8.4420,-8.9384,-15.5625,-1.3381,0.899,-13.447,-52.552,0
I,9557814,-3.5458,-1.7549,8.6383,-14.0908,-38.3064,-1.1857,-0.540,-12.730,-53.245,0
I,9567814,-3.2394,-1.8076,8.5593,-13.4506,-39.5259,-1.8869,-2.338,-12.013,-53.939,0
I,9577814,-3.0694,-1.7597,8.5186,-12.4750,-38.5808,-1.9784,-0.360,-13.268,-53.419,0
I,9587814,-2.9736,-1.7358,8.5425,-11.5298,-37.4528,-2.1918,-1.799,-13.627,-53.419,0
I,9597814,-2.7126,-1.7358,8.6143,-10.5238,-37.1174,-1.2162,-2.338,-12.371,-53.939,0
I,9607815,-2.4900,-1.7454,8.7029,-9.8530,-35.8064,0.0643,-4.137,-13.089,-54.633,0
I,9617814,-2.2362,-1.7238,8.7604,-9.2128,-33.8552,2.3204,-4.137,-13.447,-53.592,0
I,9627814,-2.0255,-1.7837,8.8442,-8.5725,-30.7759,5.2473,-4.857,-12.371,-54.286,0
I,9637814,-2.1691,-1.7406,8.8921,-9.3347,-27.5442,7.4119,-3.418,-12.013,-53.592,0
I,9647814,-2.0231,-1.8747,8.7101,-9.4262,-25.4711,8.3875,-5.037,-10.758,-53.419,0
I,9657814,-2.1141,-1.7861,8.8202,-10.1884,-27.5747,8.7229,-4.497,-11.296,-53.245,0
I,9667814,-2.2386,-1.7861,8.5760,-11.8347,-31.8735,7.8692,-4.677,-11.475,-52.378,0
I,9677815,-2.2769,-1.8076,8.3438,-12.8103,-35.2272,6.7412,-6.836,-11.834,-53.766,0
I,9687814,-2.2673,-1.7741,8.4659,-14.2738,-34.4040,4.4851,-5.936,-10.937,-53.245,0
I,9697814,-2.1332,-1.8555,8.6526,-16.0420,-32.2394,2.6558,-7.195,-10.041,-55.153,0
I,9737815,-1.6927,-2.0183,8.8921,-9.3652,-39.7394,4.5460,-8.634,-11.834,-54.113,0
I,9747815,-1.6472,-1.8411,8.8418,-5.9811,-48.5503,5.1863,-9.714,-10.758,-54.459,0
I,9757815,-1.5083,-1.8459,8.7508,-4.2128,-56.2333,5.7960,-9.174,-12.371,-54.286,0
I,9767815,-1.3862,-1.9058,8.7317,-4.2128,-58.4894,5.4912,-10.973,-9.861,-54.286,0
I,9777815,-1.2570,-1.9609,8.5401,-5.0664,-58.9162,4.0277,-10.433,-10.399,-54.806,0
I,9787817,-0.7925,-1.9920,8.5736,-5.6762,-56.2028,2.4729,-10.973,-10.579,-53.592,0
I,9797815,-0.6201,-1.9752,8.8825,-7.1396,-50.2577,2.5034,-11.872,-11.116,-54.113,0
I,9807814,-0.6321,-2.0518,9.0046,-8.9079,-46.6601,2.7473,-11.872,-10.399,-52.725,0
I,9817814,-0.4956,-2.0806,9.1004,-8.6945,-45.5625,3.2655,-13.311,-9.682,-53.766,0
I,9827815,-0.3663,-2.0566,9.1650,-8.9689,-46.0808,4.5460,-13.671,-8.965,-54.113,0
I,9837815,-0.3017,-2.2146,9.1315,-9.3957,-47.8796,6.2229,-13.491,-10.579,-53.592,0
I,9847814,-0.1844,-2.3272,9.0956,-9.9140,-49.8613,7.6863,-15.830,-10.399,-53.766,0
I,9857814,-0.4286,-2.3415,8.8202,-9.2433,-52.7881,8.8753,-14.391,-8.965,-52.725,0
I,9867814,-0.4717,-2.1955,8.5952,-6.3774,-58.0016,7.6558,-15.650,-9.503,-53.245,0
I,9877814,-0.1006,-2.0782,8.3199,-1.3469,-63.7333,7.2595,-14.750,-9.323,-52.378,0
I,9887814,0.6823,-2.0806,8.3366,3.8970,-60.9284,8.5704,-16.549,-8.965,-53.072,0
I,9897815,0.9457,-2.1620,8.4348,6.0006,-51.7516,10.3997,-16.909,-10.041,-51.684,0
I,9907814,0.9337,-2.2936,8.7987,3.3787,-43.6418,10.1863,-17.449,-9.503,-51.858,0
I,9917814,1.0056,-2.1835,8.9280,-2.6579,-39.3125,9.5765,-17.629,-9.682,-52.031,0
I,9927814,1.0558,-2.1668,8.8226,-8.1152,-34.7394,9.0887,-18.168,-10.220,-52.205,0
I,9937814,1.0534,-2.1691,8.8921,-12.0481,-27.3308,8.6924,-19.607,-9.861,-52.552,0
I,9947814,0.9936,-2.1739,8.8083,-15.0359,-22.7577,7.5948,-19.427,-10.399,-52.378,0
I,9957815,0.9553,-2.2362,8.7604,-15.9811,-23.1845,7.2899,-19.787,-10.399,-52.031,0
I,9967815,0.8739,-2.1931,8.5305,-14.3347,-28.2455,7.3204,-19.607,-7.710,-51.164,0
I,9977814,0.7733,-2.1261,8.5736,-9.8835,-39.2211,6.8631,-19.787,-8.965,-52.031,0
I,9987814,0.8523,-2.1859,8.5329,-5.4933,-46.9650,5.7351,-20.147,-8.248,-52.725,0
I,9997814,1.6879,-2.1739,8.1762,0.0860,-46.9955,6.2534,-20.507,-8.248,-51.684,0
I,10007814,2.2170,-2.2027,8.3414,4.9945,-34.0686,8.6619,-21.226,-8.965,-50.297,0
I,10017816,2.0901,-2.5019,8.6383,4.7202,-24.2211,10.1253,-22.485,-9.503,-50.817,0
I,10027814,2.1045,-2.5594,8.7556,0.8177,-21.5077,11.1924,-22.485,-9.503,-50.123,0
I,10127814,2.9951,-2.5905,8.3821,4.0189,-16.2638,4.6070,-25.184,-9.682,-49.256,0
I,10137814,2.9808,-2.5642,8.3941,1.7323,-8.0625,6.0704,-26.263,-9.323,-48.909,0
I,10147814,2.8180,-2.5115,8.4396,-1.3469,-0.8064,6.6192,-25.004,-7.351,-48.042,0
I,10157814,2.7797,-2.4229,8.1331,-4.1518,9.8033,6.8936,-25.543,-8.965,-47.869,0
I,10167814,2.8012,-2.3224,7.7476,-5.4628,23.4314,7.6253,-26.083,-9.503,-48.389,0
I,10177814,2.2865,-2.2290,7.6447,-4.1823,26.3277,7.8082,-25.723,-10.579,-47.695,0
I,10187814,2.1308,-2.3942,7.9080,-1.1640,19.3460,7.5338,-26.083,-8.427,-48.736,0
I,10197814,2.2817,-2.4469,8.1211,2.6165,12.9436,7.8692,-24.284,-8.786,-48.389,0
I,10207814,2.5067,-2.6767,8.3199,6.5494,11.6936,7.1070,-28.062,-8.248,-48.216,0
I,10217814,2.5307,-2.8108,8.5186,9.8116,10.5045,4.5155,-26.083,-6.993,-47.695,0
I,10227814,2.7533,-2.7725,8.6287,12.1897,8.4619,2.9302,-25.903,-7.172,-47.522,0
I,10237815,2.7605,-2.6217,8.4252,13.7141,8.9497,2.8997,-26.623,-9.323,-48.562,0
I,10247814,2.9497,-2.4134,8.1211,14.2628,11.4497,2.6863,-26.263,-8.606,-48.562,0
I,10337814,3.0933,-2.3224,8.6957,18.6531,10.7180,3.9668,-28.062,-8.606,-45.441,0
I,10347814,3.1915,-2.2098,8.5281,14.5982,17.4863,3.0826,-28.242,-9.503,-46.308,0
I,10357814,3.2489,-2.3032,7.8721,12.3421,17.5167,5.1863,-27.702,-9.682,-46.828,0
I,10367815,2.8323,-1.9776,8.1906,11.7019,9.8948,6.9851,-28.242,-8.786,-46.655,0
I,10377815,3.0358,-1.9585,8.2863,9.5677,3.9192,7.5643,-27.342,-10.399,-45.094,0
I,10387814,3.1005,-2.0423,8.2001,8.8360,0.4131,8.2351,-28.781,-9.682,-46.828,0
I,10397814,3.2848,-2.0758,8.2456,8.8665,-8.4589,8.1131,-29.141,-9.323,-45.441,0
I,10407814,3.4644,-2.0566,8.4036,7.6775,-14.1601,8.0521,-28.242,-9.861,-45.614,0
I,10417814,3.5458,-2.1165,8.4635,4.4458,-13.3979,7.2899,-28.421,-9.682,-45.441,0
I,10427815,3.7230,-2.3032,8.4180,0.3604,-8.0930,5.4607,-28.961,-10.937,-46.655,0
I,10437814,3.9792,-2.3367,8.3582,-3.5116,-1.2028,3.6619,-26.803,-9.144,-44.227,0
I,10517814,3.9025,-2.2625,8.1690,-4.7616,-6.4467,1.2838,-30.400,-9.861,-43.186,0
I,10527815,4.0701,-2.3176,8.1331,-4.7006,-4.4955,1.4973,-30.940,-8.606,-45.788,0
I,10537814,4.0103,-2.2625,7.7692,-3.2981,-3.4589,1.9241,-29.501,-8.606,-44.400,0
I,10547817,3.8978,-2.1883,7.7907,-1.3164,-3.0930,1.2838,-31.300,-10.758,-44.400,0
I,10557814,3.8618,-2.1931,7.8314,-0.5847,2.3033,0.0948,-30.400,-8.786,-44.573,0
I,10567814,3.8595,-2.2170,7.9296,-1.7738,8.4619,-0.6674,-31.300,-8.965,-43.706,0
I,10577815,3.8666,-2.2386,8.0230,-4.8530,10.9009,-1.8259,-31.479,-9.861,-44.920,0
I,10587814,3.9289,-2.3176,7.9464,-7.9628,13.1570,-2.4966,-31.479,-9.144,-43.880,0
I,10597814,3.8762,-2.3559,7.9440,-9.1823,13.5533,-2.9235,-31.120,-9.861,-43.880,0
I,10607814,3.9433,-2.3248,8.0397,-7.5664,9.4680,-3.2588,-31.659,-9.682,-42.666,0
I,10667815,4.2641,-1.9968,7.1946,6.7019,21.8765,-2.3442,-31.479,-10.220,-43.186,0
I,10677814,4.1635,-2.1332,7.3478,5.4519,31.2362,-1.5515,-31.479,-10.220,-43.533,0
I,10687814,4.1300,-2.1380,7.5178,3.2263,37.7606,-1.7345,-30.940,-8.606,-42.666,0
I,10697814,4.1468,-2.2505,7.4627,2.2506,43.7363,-2.2832,-30.940,-8.965,-42.666,0
I,10707814,4.1731,-2.2434,7.6160,3.2263,48.7667,-3.3198,-32.199,-9.503,-42.145,0
I,10717814,4.1276,-2.2027,7.8602,4.6897,50.1997,-4.1430,-33.098,-9.682,-43.359,0
I,10727814,4.0247,-2.2601,7.8147,5.8482,50.8094,-4.2040,-32.559,-11.296,-43.186,0
I,10737814,3.8858,-2.0901,7.7093,7.5250,52.3948,-4.6613,-33.458,-11.116,-44.747,0
I,10747815,3.8954,-2.1739,7.9918,9.0494,54.4070,-5.0576,-32.379,-10.041,-43.359,0
I,10757814,3.6176,-2.3224,8.0493,9.7506,54.4070,-3.4113,-31.479,-8.427,-42.839,0
I,10767815,3.6919,-2.0399,7.8219,10.3909,56.2667,-2.3442,-31.839,-10.220,-43.186,0
I,10777816,3.6990,-1.8818,7.9440,11.3665,59.7728,-2.2832,-31.120,-10.579,-42.492,0
I,10787814,3.5674,-1.9585,8.0014,12.0372,61.2972,-2.8625,-29.321,-9.503,-44.227,0
I,10837816,3.6392,-1.8914,8.1834,9.1104,90.5350,-9.0210,-30.760,-12.013,-44.920,0
I,10847814,3.5386,-1.8148,8.2169,3.8360,98.1875,-8.3808,-29.681,-8.786,-44.573,0
I,10857814,3.3447,-1.9585,8.0804,0.0555,99.8643,-7.3747,-31.300,-10.758,-46.134,0
I,10867814,3.1651,-1.9944,7.6902,2.5555,92.6692,-5.0881,-29.141,-11.475,-45.788,0
I,10877814,2.8443,-1.9656,7.7452,11.2445,81.5716,-3.1064,-27.882,-10.220,-45.614,0
I,10887815,2.9113,-1.9225,7.9128,20.2384,74.3460,-3.5637,-28.421,-11.116,-45.094,0
I,10897814,3.1340,-1.7980,8.0996,26.7019,71.9070,-4.3869,-28.781,-11.834,-46.828,0
I,10907815,3.2298,-1.7549,8.4779,29.3238,72.6997,-4.5088,-27.522,-10.937,-45.267,0
I,10917814,3.1867,-1.8699,8.6957,28.8360,75.4131,-3.8686,-26.803,-12.371,-48.042,0
I,10927814,3.2848,-1.7142,8.8370,26.8543,78.4009,-3.3198,-26.263,-11.834,-46.134,0
I,10937814,3.2777,-1.6352,8.7628,22.7994,85.1997,-2.3442,-25.363,-12.730,-46.655,0
I,10947814,2.9808,-1.5730,8.8969,17.2811,92.2424,-1.7649,-26.982,-11.475,-47.522,0
I,10957818,2.5019,-1.7789,8.6431,11.3970,100.2911,-2.4662,-26.443,-12.013,-48.042,0
I,10967814,2.4253,-1.7454,8.4324,7.4641,109.3155,-4.8442,-26.083,-11.654,-46.655,0
I,10977814,2.3200,-1.6879,8.0732,6.7019,106.0533,-5.3625,-25.903,-12.551,-47.175,0
I,10987814,1.8172,-1.5754,8.3079,9.2628,93.4923,-5.8503,-25.903,-12.551,-47.175,2
I,10997814,1.9585,-1.4293,8.5521,11.6409,87.5167,-7.4357,-23.205,-12.730,-49.430,0
I,11007814,2.3224,-1.4653,8.6311,14.8726,90.0472,-7.9540,-22.665,-13.268,-48.909,0
I,11017814,2.4038,-1.4724,8.9232,19.2323,95.0472,-6.8259,-22.126,-13.806,-50.123,0
I,11027814,2.2386,-1.5060,9.1889,22.4336,96.4497,-5.0881,-22.665,-12.551,-49.950,0
I,11037814,2.2242,-1.4988,9.3182,23.1043,97.3948,-3.4418,-20.866,-14.344,-49.256,0
I,11047814,2.2865,-1.4557,9.2033,21.3360,99.5594,-1.8259,-22.485,-12.730,-50.123,0
I,11057814,2.2505,-1.3886,9.2344,17.4336,102.0289,1.6802,-21.586,-12.909,-49.603,0
I,11067815,1.7549,-1.4533,9.0118,11.5494,108.1570,4.7595,-21.586,-15.061,-49.256,0
I,11077814,0.8811,-1.5610,8.4156,8.1653,108.8277,4.2412,-20.327,-13.447,-49.083,0
I,11087814,0.7829,-1.1827,8.4755,8.5006,101.1143,2.8082,-19.247,-13.806,-48.736,0
I,11097814,0.8835,-1.0750,8.7364,9.2628,97.6082,3.7229,-18.348,-13.985,-50.297,0
I,11107815,0.9792,-1.1995,8.8945,10.9092,99.2241,4.5155,-19.427,-14.702,-50.644,0
I,11157814,0.5722,-1.3527,9.1243,6.7019,118.9802,4.4241,-16.909,-14.344,-50.991,0
I,11167814,0.1125,-1.2139,8.8155,2.9214,114.4070,4.5765,-14.930,-15.240,-50.817,0
I,11177814,-0.2801,-1.1564,8.6814,0.3909,111.1143,4.5460,-14.391,-14.702,-51.684,0
I,11187815,-0.6895,-1.1253,8.5258,0.4823,108.0350,3.6619,-12.412,-14.164,-51.164,0
I,11197815,-0.7901,-1.0487,8.5593,4.3848,95.9009,3.4180,-14.031,-13.985,-52.031,0
I,11207814,-0.9050,-0.9792,8.8681,9.6287,78.6753,4.6985,-14.211,-14.164,-50.470,0
I,11217815,-0.8571,-1.1301,9.1866,13.7445,66.6936,6.0399,-12.412,-12.730,-52.205,0
I,11227814,-0.7087,-1.2450,9.2608,16.4580,63.7972,6.6802,-12.772,-15.240,-51.511,0
I,11237814,-0.5387,-1.2402,9.3805,18.0128,66.2363,6.3143,-11.153,-14.702,-50.644,0
I,11247816,-0.4597,-1.1444,9.2919,18.1348,69.4984,7.1070,-11.153,-15.420,-52.378,0
I,11257814,-0.2634,-1.1037,9.1698,16.5799,74.8033,8.0826,-13.131,-14.523,-52.205,0
I,11267814,-0.5219,-1.0678,9.0070,11.5494,87.6692,8.7534,-11.333,-15.599,-51.858,0
I,11277815,-0.7949,-1.0367,8.9256,3.2567,102.3338,7.4119,-11.153,-15.420,-51.684,0
I,11327814,-2.0087,-1.1564,9.2584,-5.1274,69.9253,6.1619,-9.534,-13.089,-51.164,0
I,11337814,-1.9106,-1.1612,9.1770,-1.0725,64.7423,7.1680,-7.195,-14.344,-53.419,0
I,11347814,-1.8986,-1.0942,9.1051,1.8238,61.6936,7.9302,-8.095,-15.599,-51.858,0
I,11357814,-1.8148,-1.0104,9.0884,2.0372,58.6143,7.8082,-6.476,-15.420,-52.725,0
I,11367815,-1.8220,-1.0199,9.0477,-1.1030,57.3948,7.5034,-8.814,-14.882,-52.552,0
I,11377814,-1.6448,-1.0439,8.9280,-5.4628,60.5045,7.2290,-7.195,-14.702,-53.072,0
I,11387814,-1.8507,-1.0750,8.7867,-9.9750,70.1997,6.7716,-8.814,-14.164,-52.205,0
I,11397814,-2.1189,-1.0774,8.6119,-13.2372,78.1570,6.4363,-7.015,-13.447,-52.205,0
I,11407814,-2.2170,-1.0343,8.5329,-15.2798,81.9375,5.5826,-6.116,-16.137,-53.766,0
I,11417815,-2.5091,-1.0127,8.4898,-15.3408,78.6753,5.5216,-6.296,-13.806,-52.205,0
I,11427818,-2.6552,-1.0223,8.5545,-13.2981,67.1509,5.4607,-6.116,-13.627,-54.113,0
I,11437814,-2.8180,-1.1085,8.8083,-10.8896,57.5472,5.8570,-4.497,-14.164,-52.552,0
I,11447814,-2.8635,-1.2833,8.9950,-9.4567,51.1753,5.7655,-5.217,-15.240,-52.205,0
I,11457814,-2.7198,-1.3791,9.0692,-8.9384,43.5838,5.9180,-4.137,-13.806,-52.205,0
I,11467815,-2.8204,-1.3791,8.8969,-8.9079,34.6814,5.7960,-5.756,-14.344,-52.031,0
I,11477814,-2.9568,-1.2689,8.8083,-9.6396,27.0289,4.1497,-4.677,-12.192,-53.072,0
I,11517814,-2.6791,-1.2091,8.7460,-10.6762,3.4619,-0.2405,-4.677,-13.627,-51.338,0
I,11527814,-2.8539,-1.3671,8.7053,-8.6640,-2.2394,-0.0576,-5.576,-14.523,-52.898,0
I,11537815,-2.8323,-1.3288,8.5760,-5.2189,-10.1052,-1.4296,-4.317,-13.627,-52.378,0
I,11547814,-2.8036,-1.2713,8.8107,-3.7859,-15.2881,-2.9845,-5.936,-14.164,-52.552,0
I,11557814,-2.7318,-1.3336,8.8011,-5.0055,-16.4772,-4.7527,-5.396,-14.344,-53.072,0
I,11567814,-2.4157,-1.3791,8.7628,-6.6213,-19.9833,-5.5149,-6.116,-12.551,-52.378,0
I,11577814,-2.2338,-1.4006,8.9447,-8.4811,-23.3369,-5.4845,-5.217,-14.164,-53.245,0
I,11587814,-2.1452,-1.4413,9.0261,-10.2494,-27.3308,-4.7832,-7.555,-12.192,-53.072,0
I,11597815,-2.1715,-1.4772,9.0621,-11.1945,-31.3247,-4.1125,-7.555,-12.192,-53.766,0
I,11607814,-2.1069,-1.5155,9.0668,-11.1335,-33.3979,-3.4113,-6.116,-13.268,-52.725,0
I,11617814,-2.0063,-1.5395,8.9807,-10.2189,-32.3003,-3.1979,-8.275,-13.268,-52.378,0
I,11627814,-2.0016,-1.5538,8.8250,-7.9018,-30.1967,-2.5576,-7.915,-11.834,-53.072,0
I,11637814,-2.1787,-1.4054,8.8178,-3.3286,-35.0747,-2.7710,-6.296,-11.654,-52.898,0
I,11647814,-2.0423,-1.3360,8.8538,1.3055,-48.0320,-2.9235,-8.095,-12.371,-54.633,0
I,11657814,-1.9776,-1.3599,8.7005,4.9945,-60.3491,-3.2893,-9.714,-13.627,-52.031,0
I,11667814,-1.7047,-1.3048,8.7963,7.5860,-62.8491,-3.9905,-9.354,-11.475,-52.378,0
I,11677814,-1.2977,-1.3360,8.9376,7.7994,-58.4894,-4.9662,-9.174,-12.013,-52.552,0
I,11687814,-1.1995,-1.4820,9.1028,5.1165,-52.1479,-5.5454,-10.973,-12.371,-52.552,0
I,11697814,-1.1684,-1.6041,9.1291,1.2750,-50.0442,-7.1918,-10.793,-13.268,-53.766,0
I,11707815,-1.0582,-1.6233,9.1818,-3.7250,-49.4040,-9.1125,-11.513,-13.268,-51.684,0
I,11717817,-0.9481,-1.6041,9.0764,-7.7494,-48.6113,-11.4601,-12.952,-11.834,-52.725,0
I,11727814,-0.7087,-1.6113,8.8609,-10.4628,-47.8796,-13.3808,-12.412,-12.730,-51.858,0
I,11737814,-0.9385,-1.4964,8.5545,-10.9811,-50.4711,-14.9052,-11.153,-11.834,-51.684,0
I,11747814,-0.5866,-1.3671,8.5808,-8.4811,-58.9772,-16.0332,-14.571,-12.013,-52.552,0
I,11757814,-0.3400,-1.3743,8.5784,-5.8286,-58.4284,-15.9418,-14.031,-11.834,-52.378,0
I,11767814,-0.0287,-1.4341,8.5712,-2.6274,-48.3979,-15.8198,-14.571,-14.164,-52.898,0
I,11777817,0.1149,-1.4078,8.6335,0.2689,-31.9345,-16.1552,-15.110,-12.551,-50.991,0
I,11787814,0.4214,-1.4126,8.7771,2.8604,-23.3674,-15.1491,-15.650,-12.371,-52.552,0
I,11797814,0.6057,-1.5251,8.9543,3.9275,-14.9223,-13.3808,-15.650,-12.730,-52.205,0
I,11807814,0.9002,-1.6065,8.9136,4.1104,-5.1357,-11.8564,-17.089,-11.296,-52.205,0
I,11817814,0.8116,-1.6352,8.7724,3.2263,3.9497,-9.9966,-16.549,-13.268,-52.031,0
I,11827814,0.7422,-1.5083,8.6646,2.0982,9.1021,-8.8076,-14.391,-11.475,-51.684,0
I,11837815,0.4860,-1.4844,8.4300,1.4275,9.8643,-7.0393,-16.549,-13.268,-50.991,0
I,11847814,0.2897,-1.5012,8.3653,3.2567,0.0472,-6.1552,-17.269,-12.192,-52.378,0
I,11857814,0.4286,-1.6400,8.5066,6.2141,-8.8857,-5.4235,-17.089,-13.089,-49.777,0
I,11867814,0.5291,-1.6185,8.6886,8.3482,-7.2394,-4.6308,-16.189,-11.475,-50.644,0
I,11877814,0.5866,-1.5897,8.7652,9.7811,-0.8979,-5.4235,-16.189,-11.475,-50.644,2
I,11887814,0.8428,-1.5562,8.8609,11.2445,6.2058,-6.0637,-18.168,-13.089,-51.858,0
I,11897815,0.8691,-1.6233,9.0237,13.0738,11.0228,-5.6674,-16.549,-13.627,-50.644,0
I,11907814,0.9146,-1.5778,9.0525,14.3848,15.2302,-5.6064,-17.629,-12.192,-50.991,0
I,11917814,1.1133,-1.5012,8.9926,14.5067,19.8643,-5.0576,-16.369,-13.089,-50.817,0
I,11927814,1.1301,-1.4246,8.8897,13.7750,24.5289,-3.9905,-18.528,-12.371,-51.164,0
I,11937814,1.0582,-1.3192,8.6694,12.7689,27.7911,-1.8564,-17.629,-13.985,-51.338,0
I,11947814,0.7111,-1.2881,8.6167,13.7445,23.2484,0.3997,-16.909,-14.344,-49.603,0
I,11957814,0.7207,-1.3910,8.8801,16.1836,16.9070,1.5277,-17.988,-14.344,-50.991,0
I,11967814,0.7925,-1.4102,9.1530,17.1592,15.5655,1.2838,-17.629,-14.344,-49.603,0
I,11977814,0.7733,-1.3743,9.0237,16.7019,14.7728,-0.0271,-17.449,-13.806,-49.777,0
I,11987814,1.0127,-1.3216,9.0381,15.7262,10.8094,-0.5759,-17.808,-13.089,-49.083,0
I,11997815,1.2139,-1.3527,9.0357,13.8055,9.7119,0.1253,-16.010,-13.447,-49.777,0
I,12007817,1.3192,-1.3144,9.0357,11.3970,15.9314,0.3692,-16.909,-13.627,-49.256,0
I,12017814,1.3216,-1.2210,8.9950,9.6592,25.8704,0.3387,-19.607,-13.806,-50.470,0
I,12027814,1.3934,-1.1540,9.0142,8.6836,37.6692,0.7046,-19.247,-13.806,-49.083,0
I,12037814,1.3120,-1.1827,8.9136,10.2689,48.6448,1.3143,-17.988,-13.627,-49.256,0
I,12047814,1.1540,-1.2115,8.8370,13.1348,53.8582,2.1375,-18.168,-13.806,-50.470,0
I,12057814,1.0654,-1.0822,8.4851,17.4945,51.6326,3.2351,-16.729,-15.240,-49.083,0
I,12067816,0.8260,-0.9409,8.5114,23.6531,43.9497,4.5765,-17.449,-13.806,-49.777,0
I,12077814,0.7135,-0.9266,8.5641,28.5311,40.0167,5.3997,-17.449,-15.957,-50.817,0
I,12087814,0.7877,-0.8643,8.5425,33.0433,41.9070,5.6741,-17.449,-16.316,-49.777,0
I,12097814,0.6943,-1.0127,8.7604,37.6470,42.4863,5.6131,-16.729,-15.599,-50.123,0
I,12107814,0.7446,-1.1349,8.9878,40.8482,40.1387,5.3692,-16.189,-17.930,-50.297,0
I,12117814,0.8811,-1.0415,8.9567,42.8299,39.7423,5.8265,-16.189,-13.627,-48.909,0
I,12127815,0.9050,-0.9673,8.8681,43.7750,42.7606,5.7960,-16.909,-16.495,-50.297,0
I,12137815,0.8452,-0.8954,9.0860,42.3726,46.6631,5.2777,-17.449,-15.599,-49.777,0
I,12147814,0.8284,-0.8739,9.1243,37.3116,49.6509,4.5460,-16.010,-15.957,-50.123,0
I,12157815,0.8188,-0.8116,9.0142,30.6958,53.9192,3.2655,-15.110,-17.213,-50.297,0
I,12167814,0.5698,-0.7063,8.8992,24.6287,55.9314,1.9241,-15.650,-17.392,-49.083,0
I,12177815,0.3567,-0.5052,8.9926,20.3909,49.3460,1.3753,-15.650,-16.675,-48.736,0
I,12187814,0.2394,-0.4741,9.1171,17.4641,40.0777,2.1070,-14.571,-16.675,-49.777,0
I,12197815,0.3519,-0.4525,9.3829,16.2141,31.4497,2.5338,-16.189,-15.778,-49.256,0
I,12207814,0.4884,-0.5411,9.5553,17.9519,26.4497,3.1436,-17.629,-17.930,-49.256,0
I,12217814,0.5052,-0.6153,9.4858,22.0982,25.4741,3.2046,-14.391,-16.854,-50.297,0
I,12227815,0.5171,-0.5507,9.4140,27.1592,25.5045,3.0826,-16.189,-16.854,-48.909,0
I,12237814,0.5770,-0.4741,9.4763,30.2080,23.2180,2.8692,-15.290,-16.316,-48.389,0
I,12247814,0.6823,-0.3998,9.3661,30.5433,21.6326,2.6863,-13.851,-18.826,-50.123,0
I,12257815,0.6823,-0.3160,9.0405,29.9336,26.0228,2.3509,-16.010,-17.392,-48.736,0
I,12267814,0.4908,-0.2610,8.8945,29.2323,32.9131,1.2838,-14.750,-18.647,-49.603,0
I,12277814,0.5315,-0.1676,9.0094,27.6470,37.7606,0.2777,-15.470,-18.647,-49.950,0
I,12287815,0.2777,-0.1604,9.3494,25.4519,36.0533,0.3387,-15.470,-18.288,-47.869,0
I,12297815,0.2801,-0.2394,9.6941,21.5494,31.1753,-0.4540,-16.189,-17.930,-47.869,0
I,12307814,0.6081,-0.2418,9.9240,16.5494,25.9923,-0.7588,-14.750,-19.364,-49.603,0
I,12317815,0.8236,-0.1820,9.8426,12.5555,24.0106,-0.5149,-15.470,-20.081,-48.909,0
I,12327814,0.7183,-0.1437,9.5337,11.5799,22.2728,-0.5759,-13.851,-19.902,-47.348,0
I,12337815,0.7135,-0.0599,9.3948,12.7689,22.8521,-0.8808,-15.470,-18.647,-47.522,0
I,12347814,0.7230,0.0934,9.3613,14.8726,27.4558,-1.7954,-14.930,-19.185,-47.348,0
I,12357815,0.6967,0.1652,9.2871,17.1287,30.5350,-1.6125,-14.391,-18.647,-47.869,0
I,12367815,0.7805,0.2131,9.1889,17.9823,31.9375,0.1863,-13.851,-19.185,-48.736,0
I,12377814,0.8116,0.1173,9.1698,17.0067,34.9558,2.8082,-15.290,-19.185,-48.042,0
I,12387814,0.7733,0.0431,9.3278,13.8970,39.7423,3.7534,-15.650,-20.261,-47.348,0
I,12397814,0.7590,-0.0239,9.3015,9.6897,44.7119,3.8448,-15.290,-18.468,-48.042,0
I,12407814,0.5890,0.0287,9.3541,4.9336,47.3338,3.8143,-14.750,-18.288,-48.216,0
I,12417814,0.3711,0.0838,9.4715,-0.8591,45.1692,3.4180,-14.750,-19.723,-48.562,0
I,12427814,0.3950,0.1484,9.4978,-6.6518,38.8582,3.6619,-14.391,-19.723,-48.216,0
I,12437814,0.3208,0.1580,9.5217,-10.2798,34.4375,4.3631,-14.391,-18.647,-48.562,0
I,12447815,0.2969,0.0958,9.6462,-13.2372,34.0411,4.1802,-12.952,-19.723,-47.869,0
I,12457814,0.3400,0.0407,9.6391,-15.4323,35.3826,3.4790,-13.491,-19.902,-48.736,0
I,12467814,0.2442,-0.0024,9.5433,-16.1640,35.7789,2.9302,-14.750,-19.005,-48.216,0
I,12477816,0.1149,-0.0407,9.4834,-16.3164,35.0777,2.0765,-14.391,-18.647,-48.216,0
I,12537817,0.4645,-0.1891,9.9288,-28.9689,23.7362,0.0948,-15.110,-17.930,-49.603,0
I,12547814,0.5195,-0.2801,9.9814,-34.3652,24.1631,1.4973,-13.491,-18.109,-49.083,0
I,12557815,0.5028,-0.3256,9.8545,-39.0908,26.0838,2.8997,-15.110,-18.288,-49.950,0
I,12567814,0.4884,-0.3089,9.8593,-43.4201,28.6448,4.0277,-12.952,-17.571,-49.256,0
I,12577814,0.5794,-0.3567,9.8689,-48.4811,34.8338,5.2473,-14.571,-17.392,-48.042,0
I,12587815,0.3974,-0.5243,9.7324,-53.8164,44.2241,5.0034,-13.311,-16.495,-49.950,0
I,12597814,0.2945,-0.5986,9.4882,-56.9567,51.3582,3.6619,-13.131,-18.109,-49.083,0
I,12607814,0.0862,-0.5914,9.3829,-57.8103,55.8399,2.1985,-12.952,-16.854,-50.991,0
I,12617815,0.0311,-0.6249,9.5936,-58.2677,55.9314,1.5277,-14.031,-15.420,-49.950,0
I,12627814,-0.0239,-0.7853,9.8138,-59.8530,52.9741,2.4119,-15.110,-16.854,-49.603,0
I,12637814,-0.1580,-0.9194,9.8330,-62.6274,43.8887,3.9668,-13.131,-15.599,-50.817,0
I,12647814,-0.1676,-0.9481,9.5744,-64.7006,30.7180,5.2473,-13.491,-16.675,-51.164,0
I,12657818,-0.3280,-0.9242,9.4044,-65.9506,20.2911,6.3448,-12.052,-14.882,-52.205,0
I,12667814,-0.1724,-1.0104,9.2512,-67.8408,13.4619,6.2229,-13.671,-15.778,-51.684,0
I,12677814,-0.0575,-1.2713,9.0046,-69.1518,10.1997,5.3692,-13.851,-13.447,-51.511,0
I,12687815,0.1317,-1.4892,9.0453,-70.3103,11.1448,4.6985,-12.592,-12.192,-52.378,0
I,12697814,0.1077,-1.5874,9.1099,-72.2616,12.6387,4.1802,-12.412,-14.164,-51.164,0
I,12707814,0.2298,-1.6352,9.0740,-74.5177,16.1448,3.7229,-15.830,-12.909,-52.031,0
I,12717814,0.3711,-1.6592,9.1866,-77.5664,19.4680,3.8448,-14.031,-11.834,-52.725,0
I,12727814,0.2322,-1.8914,9.2296,-81.9567,24.0411,4.4851,-14.750,-9.682,-52.725,0
I,12737814,0.3472,-2.2266,8.9950,-85.3408,27.0594,4.4241,-14.571,-10.579,-51.858,0
I,12747814,0.0503,-2.5498,8.9639,-88.3591,27.6997,4.2107,-14.211,-10.220,-53.592,0
I,12757814,0.0048,-2.6983,9.0237,-91.6213,26.9375,1.9851,-13.851,-9.503,-53.592,0
I,12767815,0.3448,-2.7988,8.7460,-94.1213,26.5411,0.4912,-14.571,-9.144,-53.592,0
I,12777814,0.2490,-2.8276,8.4396,-92.9018,23.9497,1.1924,-15.650,-8.786,-52.552,0
I,12787814,0.0790,-2.8419,8.3701,-88.8774,20.7484,1.8631,-14.750,-7.889,-53.766,0
I,12797814,0.0622,-2.8563,8.4683,-84.4567,16.0228,2.7777,-13.851,-6.634,-53.592,0
I,12807814,0.0287,-3.0933,8.4659,-79.0908,14.7423,3.2046,-14.750,-4.662,-53.766,0
I,12867814,-0.0575,-3.9552,7.6207,-53.4506,22.0899,1.0704,-15.830,-1.793,-52.725,0
I,12877814,-0.0503,-3.8762,7.7381,-51.8652,20.0167,3.6009,-15.830,-1.793,-52.725,2
I,12887815,0.1317,-3.8164,7.5800,-49.3652,12.8216,5.7960,-15.830,-2.869,-54.113,0
I,12897814,0.2634,-3.8595,7.5082,-45.0055,7.8826,4.4851,-14.930,0.538,-54.980,0
I,12907814,0.3041,-4.1276,7.5393,-41.5603,8.3094,2.3509,-16.189,-1.793,-54.113,0
I,12917814,0.1963,-4.3144,7.5992,-39.8530,9.1021,2.0155,-16.369,-0.896,-55.327,0
I,12927814,0.2873,-4.2808,7.4484,-38.6945,9.2850,2.3204,-16.729,-0.179,-54.633,0
I,12937814,0.4214,-4.1683,7.3358,-37.0786,9.3155,2.7473,-16.189,-0.359,-53.766,0
I,12947817,0.5100,-4.1683,7.2712,-35.9201,9.9558,2.8387,-15.470,-1.076,-54.113,0
I,12957814,0.3974,-4.2641,7.2209,-35.6152,12.3033,2.7473,-17.089,0.538,-53.939,0
I,12967814,0.4884,-4.3431,7.0868,-35.0664,12.5777,3.0826,-15.830,0.000,-54.113,0
I,12977815,0.5650,-4.2569,6.7516,-33.0238,16.7545,2.8997,-16.010,0.538,-54.286,0
I,12987814,0.5028,-4.3598,6.9623,-31.1030,24.1021,1.9241,-15.830,0.717,-54.459,0
I,12997814,0.4788,-4.7070,7.0868,-31.4384,27.8826,0.4912,-17.089,1.972,-53.939,0
I,13007817,0.5004,-4.9392,7.1012,-31.6213,27.3948,-0.3015,-16.369,0.896,-53.939,0
I,13017814,0.5315,-5.0566,7.2018,-29.5481,21.9680,-0.4845,-16.729,2.331,-54.286,0
I,13027815,0.6536,-5.0661,7.2784,-25.3103,19.5594,-0.6979,-16.010,1.972,-54.633,0
I,13037814,0.6345,-5.1092,7.2951,-19.5481,20.9923,-0.4235,-15.830,1.434,-53.072,0
I,13047814,0.6033,-5.0350,7.1826,-12.9933,21.4192,0.0643,-16.369,1.972,-54.980,0
I,13057815,0.7087,-4.7980,7.0342,-6.1030,19.8033,1.1619,-15.470,2.152,-53.766,0
I,13067814,0.8164,-4.5969,6.8450,-0.1579,20.3216,2.7777,-16.189,1.793,-53.419,0
I,13077814,0.8787,-4.5203,6.7301,4.3848,22.9741,3.8753,-17.449,0.896,-53.592,0
I,13087814,0.5435,-4.6687,6.4739,7.9823,27.3643,4.7290,-15.110,2.510,-54.806,0
I,13097815,0.5124,-4.4915,6.4548,11.2750,30.8704,6.2229,-16.369,1.614,-53.245,0
I,13107814,0.4214,-4.3718,6.4620,14.4458,32.3948,6.7412,-15.650,1.255,-54.980,0
I,13117815,0.3304,-4.5801,6.5601,18.1958,32.7606,6.0704,-16.189,1.793,-53.766,0
I,13127814,0.2562,-4.8219,6.7301,22.2202,31.8765,4.6070,-17.808,2.689,-54.286,0
I,13137815,0.4477,-4.9009,6.9001,28.0433,29.7119,4.1497,-16.369,1.614,-53.939,0
I,13147814,0.5267,-4.8459,6.9959,35.4214,28.1570,4.5460,-16.909,1.434,-54.806,0
I,13157815,0.5626,-4.8100,7.0701,43.1653,27.3033,5.3387,-16.549,3.586,-53.419,0
I,13167815,0.5842,-4.6831,6.9168,51.3665,27.9436,6.8936,-17.808,1.972,-54.286,0
I,13177814,0.4741,-4.4532,7.0844,59.2323,25.9009,8.3875,-16.010,1.972,-53.245,0
I,13187814,0.4764,-4.2832,7.1467,65.4214,24.8033,8.0521,-17.449,-0.896,-54.286,0
I,13197815,0.3519,-4.1875,7.0797,70.3604,27.1509,7.1375,-15.290,-0.179,-53.245,0
I,13207814,0.5195,-4.1132,7.0797,74.0799,28.5838,6.8631,-16.729,-0.896,-54.286,0
I,13217814,0.6129,-4.0199,7.1132,76.2445,28.0350,7.8387,-15.830,-1.434,-54.806,0
I,13227814,0.6345,-3.9672,7.2018,77.3116,28.9497,8.0216,-16.549,-3.227,-54.113,0
I,13237817,0.5938,-3.9337,7.4627,76.7019,29.6509,7.9912,-16.549,-2.510,-53.766,0
I,13247814,0.6823,-3.9145,7.5848,75.2384,28.4923,7.3509,-17.089,-3.765,-54.980,0
I,13257814,0.6033,-3.7517,7.6974,75.6348,27.0899,7.3509,-14.571,-2.331,-53.939,0
I,13267814,0.7207,-3.5195,7.9009,76.9458,26.7850,7.8692,-15.110,-3.586,-54.113,0
I,13277814,0.9026,-3.2801,7.6543,81.0006,31.0533,10.1863,-16.369,-3.765,-53.592,0
I,13287814,0.8140,-3.1963,7.5417,87.5860,39.2545,13.3265,-16.010,-5.558,-53.592,0
I,13297815,0.5866,-2.9329,7.8721,93.1653,45.3521,15.6131,-15.470,-6.813,-54.806,0
I,13307814,0.3950,-2.9329,8.0637,95.8482,46.4802,17.1070,-17.269,-6.455,-54.806,0
I,13317815,0.4118,-2.9042,8.1858,96.4884,47.2423,17.8692,-15.650,-5.917,-54.286,0
I,13327814,0.2634,-2.8754,8.2576,95.4519,45.1082,18.5399,-14.571,-8.068,-53.245,0
I,13367815,0.0215,-1.9417,8.5952,81.8543,27.8521,13.9363,-14.930,-8.786,-51.511,0
I,13377814,0.1365,-1.5850,8.3821,81.0006,24.6204,11.3448,-15.650,-10.579,-53.592,0
I,13387814,0.3615,-1.2953,8.3127,82.0372,27.0289,9.9729,-14.930,-12.013,-52.205,0
I,13397814,0.3543,-1.1995,8.3582,83.2872,34.0716,9.6070,-14.930,-12.730,-53.245,0
I,13407815,0.1820,-1.2282,8.5138,84.5372,39.7119,9.3326,-15.470,-11.116,-52.378,0
I,13417814,0.3400,-1.2833,8.7843,85.6348,46.6936,9.5765,-15.830,-13.268,-52.031,0
I,13427814,0.4166,-1.4389,9.0597,86.1531,53.9497,10.7960,-14.750,-13.268,-52.725,0
I,13437815,0.3280,-1.3767,9.4284,84.6897,56.5106,12.4424,-14.571,-14.164,-51.164,0
I,13447815,0.2179,-1.2115,9.6510,81.4884,51.4802,13.6924,-15.110,-15.778,-52.378,0
I,13457815,0.1413,-1.0463,9.8665,76.6409,42.5777,14.2107,-14.930,-13.806,-52.205,0
I,13467814,-0.1245,-0.9984,9.8282,70.5128,36.5716,12.4729,-14.031,-16.137,-50.991,0
I,13477814,-0.1796,-1.0391,9.9168,65.3604,33.8582,8.6924,-15.470,-16.137,-50.297,0
I,13487814,-0.0527,-0.7733,10.1203,59.6592,30.1692,6.1009,-14.571,-16.316,-50.817,0
I,13497814,-0.3543,-0.5890,9.7659,52.8604,23.0960,4.3936,-15.290,-17.033,-50.470,0
I,13557814,0.1437,0.1101,9.9455,22.4031,32.3948,-3.2284,-12.772,-17.750,-49.430,0
I,13567814,-0.0766,0.0958,9.7971,20.3909,32.6082,-2.6186,-13.131,-18.109,-48.042,0
I,13577815,-0.3112,0.1939,9.7037,20.7263,30.8704,-2.5576,-14.391,-18.288,-49.603,0
I,13587814,-0.3879,0.3807,9.5193,21.9763,25.0472,-2.6491,-14.211,-18.468,-49.777,0
I,13597814,-0.6153,0.3304,9.4451,23.1653,18.1265,-2.2223,-13.851,-19.543,-48.736,0
I,13607815,-0.3041,0.3807,9.2632,24.3238,10.6875,-1.2771,-13.131,-18.826,-49.777,0
I,13617814,-0.2729,0.3639,9.2225,25.7263,3.4619,-0.3320,-13.491,-18.468,-48.736,0
I,13627814,-0.1341,0.4214,9.6223,26.7933,-3.9467,0.0338,-13.491,-19.902,-49.430,0
I,13637814,0.0575,0.4142,9.8019,27.3726,-2.7881,0.0948,-13.671,-19.005,-48.216,0
I,13647815,0.2035,0.3424,9.7731,28.8970,4.4984,-0.8503,-14.031,-18.288,-48.216,0
I,13657814,0.2514,0.1987,9.8162,30.2080,11.4497,-2.2527,-14.211,-19.185,-47.348,0
I,13667814,0.3184,0.2562,9.7181,30.6958,13.2180,-2.4052,-14.391,-19.723,-47.869,0
I,13677814,0.3256,0.3735,9.5170,30.8177,14.6814,-1.7954,-14.211,-19.902,-48.736,0
I,13737814,0.2490,0.7422,8.5904,53.8970,-4.2211,6.2229,-14.750,-20.798,-47.175,0
I,13747814,0.6321,0.9577,8.7843,61.9458,0.4131,5.9180,-14.750,-20.798,-46.828,0
I,13757814,0.9529,1.0702,9.0884,66.9458,6.8765,6.0095,-14.750,-21.874,-46.481,0
I,13767816,1.0439,0.9194,9.3925,68.1348,12.8216,5.9790,-15.650,-22.771,-45.961,0
I,13777814,1.0271,0.9409,9.3326,65.8787,18.0960,6.1619,-16.369,-24.564,-45.267,0
I,13787814,1.0319,1.1325,9.1363,62.9214,23.6448,6.0399,-15.650,-24.205,-45.614,0
I,13797814,0.9266,1.2833,9.0381,61.1836,29.4375,6.0095,-15.650,-23.846,-44.227,0
I,13807814,0.8475,1.4700,9.2464,60.1165,34.0411,6.7412,-15.110,-24.743,-44.747,0
I,13817815,0.8667,1.7789,9.3158,59.3848,38.0960,8.6924,-15.110,-24.743,-44.747,2
I,13827815,0.1580,2.4541,9.2991,57.7384,36.8460,11.9546,-13.671,-22.950,-45.094,0
I,13837814,0.8859,2.2410,8.6239,60.6653,31.7241,16.7716,-16.369,-26.357,-43.533,0
I,13847814,0.5650,1.9082,8.9615,62.4031,25.5960,24.5460,-15.290,-26.357,-43.186,0
I,13857814,0.3807,2.0231,9.1363,62.1592,24.1326,27.5643,-15.290,-26.715,-43.186,0
I,13897815,0.4764,2.0279,9.2703,53.6836,22.3338,22.0155,-15.470,-26.536,-41.278,0
I,13907814,0.5650,2.0566,9.1746,49.2628,26.0838,18.9973,-16.729,-28.867,-40.758,0
I,13917814,0.6249,2.2865,9.2488,45.2384,28.0045,15.1253,-16.369,-27.432,-42.145,0
I,13927815,0.6440,2.5187,9.2584,41.0311,28.1265,11.3448,-15.470,-28.329,-41.625,0
I,13937814,0.7063,2.6097,8.9040,36.9762,25.7789,8.3265,-18.168,-28.867,-39.717,0
I,13947815,0.6369,2.8108,8.8753,34.8726,25.2302,6.3753,-17.269,-27.612,-40.584,0
I,13957814,0.4812,2.9808,8.8849,33.5311,22.1204,5.2168,-16.909,-29.405,-40.238,0
I,13967814,0.6297,3.1244,9.2249,33.3787,21.6021,5.0643,-17.629,-29.405,-40.584,0
I,13977814,0.6584,3.1819,9.8833,30.2994,11.7545,7.5643,-16.909,-29.046,-40.584,0
I,13987814,0.7973,3.1412,9.7013,27.5250,-0.9894,12.5034,-17.449,-28.867,-39.023,0
I,13997815,0.9409,3.0358,9.3254,28.0128,-8.9162,16.0704,-16.909,-29.046,-40.584,0
I,14007814,0.6704,2.9760,9.4164,28.9275,-12.6052,16.2534,-17.089,-29.943,-39.370,0
I,14017815,0.8332,3.0239,9.3781,27.9519,-13.3369,14.3631,-18.528,-29.943,-39.023,0
I,14077814,1.8818,3.4357,8.8322,10.6653,38.2180,-9.2345,-17.988,-29.046,-38.156,0
I,14087815,1.2929,3.4333,8.4994,5.6653,40.7484,-5.6064,-17.808,-29.943,-37.636,0
I,14097814,1.2163,3.2370,8.1020,5.6043,43.8582,-2.9540,-17.808,-30.660,-38.677,0
I,14107814,0.8763,3.1867,8.6910,5.0555,35.2911,-0.6979,-16.909,-31.198,-37.116,0
I,14117814,0.8045,3.1340,8.7197,4.9641,25.7484,0.9180,-16.189,-29.405,-38.503,0
I,14127814,0.8068,3.1795,9.1028,6.1836,20.0167,2.4729,-16.729,-30.301,-38.330,0
I,14137814,0.7685,3.2370,9.2512,8.0128,17.8826,2.3204,-17.988,-30.839,-37.116,0
I,14147814,0.8691,3.2322,9.0860,10.9702,15.4131,1.8326,-17.449,-29.584,-37.983,0
I,14157814,0.9218,3.2010,8.9663,14.3543,11.4497,2.1680,-17.089,-31.377,-36.942,0
I,14167815,1.0151,3.2992,8.8011,16.7019,10.7180,2.6558,-17.988,-30.122,-38.156,0
I,14177817,1.1636,3.4285,8.7436,16.8848,14.0411,2.8082,-17.089,-31.736,-37.636,0
I,14187814,1.1875,3.4884,8.5808,14.9031,19.1021,2.3509,-17.988,-30.122,-36.422,0
I,14197814,1.0630,3.3351,8.3342,11.7019,21.4192,1.0704,-18.348,-30.122,-37.463,0
I,14207815,1.3767,3.3878,7.8769,9.2933,30.3826,-1.1552,-17.988,-30.480,-37.809,0
I,14217814,1.5107,3.6943,7.9942,7.6165,47.1814,-3.3198,-18.348,-30.122,-36.769,0
I,14227814,1.9920,4.6208,7.0270,8.3482,58.7667,-0.8808,-17.988,-29.405,-38.156,0
I,14237817,0.6943,3.2657,9.2057,13.0128,69.0411,5.1863,-17.988,-30.122,-36.769,0
I,14247814,0.1748,2.8012,9.4116,9.5982,49.7423,5.2777,-15.650,-31.018,-36.595,0
I,14257814,1.1492,3.0742,8.9040,10.3299,43.3704,3.6924,-17.449,-32.094,-37.636,0
I,14267814,0.7326,3.3734,8.9663,15.7872,45.8094,1.7412,-16.549,-30.480,-37.116,0
I,14277815,0.4238,3.4213,9.3015,19.0799,40.7789,-2.3137,-17.629,-30.839,-38.503,0
I,14287814,0.5746,3.4979,9.0309,21.4580,32.5472,-3.9296,-17.449,-31.018,-38.330,0
I,14297814,0.6560,3.7014,9.0094,22.8909,26.0838,-2.8930,-16.369,-31.377,-37.289,0
I,14307814,0.7422,3.9217,9.0261,21.1531,22.9131,-1.1857,-16.549,-30.839,-37.463,0
I,14317814,0.9026,3.9792,8.9974,16.3055,24.1021,-0.0576,-16.369,-29.943,-37.636,0
I,14327814,0.9744,3.9792,8.7149,9.1409,28.8277,0.0338,-17.269,-31.556,-38.503,0
I,14337814,0.9505,3.9385,8.6143,1.2750,35.6875,-0.3625,-17.269,-31.915,-36.422,0
I,14347814,1.0391,3.9935,8.7077,-7.9628,40.3826,-0.8808,-16.010,-30.301,-37.636,0
I,14357815,1.0439,3.9696,8.7125,-15.5238,42.6387,0.1558,-16.010,-32.094,-36.595,0
I,14367814,0.9290,3.9504,8.7939,-20.0055,43.9192,1.9241,-16.369,-30.301,-36.942,0
I,14377814,0.7590,3.9217,8.8131,-21.4994,45.4436,3.4485,-16.909,-31.198,-37.463,0
I,14387815,0.6321,3.7038,9.0932,-20.2494,44.7119,3.6619,-16.010,-30.301,-37.289,0
I,14397814,0.5195,3.6368,9.1674,-16.1945,40.1997,4.0582,-17.089,-31.018,-37.289,0
I,14407815,0.3280,3.5458,9.1602,-10.3408,30.1387,4.6070,-16.010,-30.301,-39.023,0
I,14417814,0.5195,3.5099,9.0932,-5.0359,19.8033,5.0643,-16.189,-30.839,-36.075,0
I,14427814,0.5938,3.6009,9.1530,-2.8103,13.4314,5.2473,-15.470,-30.122,-37.809,0
I,14437814,0.7230,3.6871,9.0094,-4.9750,9.5289,4.7595,-15.830,-29.405,-37.809,0
I,14447814,0.9050,3.7230,8.9280,-10.8896,12.2728,3.5095,-15.830,-30.122,-37.463,0
I,14457814,1.1468,3.7804,9.1746,-20.6762,21.0533,1.8631,-16.549,-31.556,-37.116,0
I,14467816,1.1061,3.5362,9.2943,-32.7494,33.1570,0.5521,-15.470,-30.122,-37.463,0
I,14477814,1.0199,3.6224,9.4260,-43.7250,40.4131,-1.2466,-17.089,-29.943,-38.330,0
I,14487814,1.0870,3.6895,9.5337,-52.7494,48.4619,-1.7649,-16.909,-31.198,-39.197,0
I,14497814,0.9313,3.4860,9.6271,-59.4872,59.0716,-1.6430,-16.729,-29.584,-40.411,0
I,14507814,0.6943,3.0287,9.5098,-63.9384,64.7119,-2.0698,-15.650,-29.584,-39.717,0
I,14517814,0.4190,2.7461,9.1842,-66.7433,63.0655,-2.4966,-16.909,-31.198,-39.891,0
I,14527816,0.2993,2.6647,8.8035,-66.7128,54.5594,-3.1674,-15.830,-30.122,-39.891,0
I,14537814,0.2562,2.8491,9.0381,-66.4079,46.5106,-3.5332,-15.830,-28.329,-41.972,0
I,14547814,0.3400,2.7916,9.3422,-69.0603,41.0838,-3.6552,-16.909,-27.970,-40.931,0
I,14557814,0.5986,2.6217,9.5146,-73.9079,41.3887,-2.7710,-15.290,-27.432,-40.411,0
I,14567814,0.7207,2.4277,9.6007,-79.7311,49.3155,-1.6735,-16.909,-26.895,-41.625,0
I,14577814,0.6033,2.2649,9.6103,-85.7981,63.6448,-1.4905,-15.290,-27.432,-43.533,0
I,14587815,0.4381,1.9728,9.2727,-90.3408,75.8094,-2.3442,-14.211,-27.074,-42.492,0
I,14597814,0.0527,1.7334,8.7987,-92.2616,80.0167,-4.0210,-15.650,-25.639,-42.839,0
I,14607814,-0.1724,1.5850,8.5186,-89.6701,74.2850,-6.6125,-13.851,-25.639,-43.186,0
I,14617814,-0.2011,1.6807,8.6886,-84.5481,64.7119,-7.0698,-13.491,-25.639,-45.267,0
I,14627814,-0.2466,1.6879,8.8298,-78.9384,57.2119,-6.2771,-15.110,-25.460,-45.441,0
I,14637814,-0.0862,1.5227,8.9902,-73.6030,50.3521,-4.5698,-14.930,-23.488,-44.920,0
I,14647818,-0.2131,1.2641,9.0573,-69.5481,44.4680,-2.2527,-13.671,-23.309,-46.134,0
I,14657814,-0.1532,1.0702,9.1099,-67.3530,39.1631,-0.3015,-12.952,-22.233,-46.828,0
I,14667814,-0.1628,0.9888,8.9783,-66.5298,37.9131,1.9546,-13.311,-22.233,-45.788,0
I,14677814,-0.2274,0.9936,8.9256,-66.1945,37.7302,3.6009,-13.491,-21.695,-46.655,0
I,14687815,-0.1556,0.8068,8.9352,-66.2555,36.6936,4.4851,-13.491,-22.771,-48.389,0
I,14697814,-0.1341,0.5770,8.9519,-66.6823,34.8948,5.1253,-12.772,-21.695,-47.695,0
I,14707814,-0.1484,0.4669,8.7269,-65.9506,32.0289,5.5521,-12.592,-19.364,-48.562,0
I,14717814,-0.1891,0.3903,8.3582,-62.6579,29.6509,5.2473,-11.692,-19.543,-48.389,0
I,14727815,-0.2897,0.4717,8.2600,-56.8347,29.5899,4.9119,-14.391,-20.440,-47.869,0
I,14737815,-0.4621,0.4190,8.4132,-49.9445,28.2484,5.7960,-12.232,-20.081,-48.216,0
I,14747814,-0.4621,0.2179,8.6335,-43.6335,24.5899,7.0765,-13.671,-19.364,-49.256,0
I,14757814,-0.3567,0.0215,8.9615,-39.4262,22.2423,8.7534,-12.412,-17.750,-48.736,0
I,14817814,-0.0335,-0.3735,8.5569,-15.7067,28.5533,8.6009,-14.391,-16.495,-48.216,0
I,14827814,-0.1652,-0.3400,8.4683,-11.6213,29.8643,9.5765,-15.290,-16.675,-50.123,0
I,14837815,-0.4381,-0.3280,8.3606,-5.6457,20.1387,10.7046,-12.592,-16.137,-49.603,0
I,14847814,-0.6488,-0.1413,8.5976,1.0311,5.7484,10.6741,-13.671,-16.854,-48.909,0
I,14857814,-0.4884,-0.1604,8.8298,6.2141,-2.6357,8.9973,-14.211,-15.599,-48.736,0
I,14867814,-0.3639,-0.4621,9.0621,8.4397,-0.5930,6.2534,-13.671,-16.137,-49.256,0
I,14877814,0.0694,-0.6033,9.2536,7.3116,4.8948,3.0216,-13.851,-17.392,-49.777,0
I,14887814,0.1580,-0.4310,9.2416,3.5616,12.7606,2.0155,-14.930,-19.543,-50.470,0
I,14897814,0.1724,-0.3950,9.2225,-1.0725,21.2972,1.3753,-13.851,-17.392,-49.777,0
I,14907814,0.0551,-0.5004,9.2153,-4.6701,28.0960,1.8936,-14.031,-16.854,-48.216,0
I,14917814,-0.1389,-0.6009,9.2775,-6.8957,31.6021,4.4851,-12.772,-16.316,-50.123,0
I,14927814,0.0335,-0.6584,9.3158,-7.7798,30.8704,9.3326,-13.671,-17.571,-49.603,0
I,14937816,-0.0718,-0.4310,9.3326,-6.0725,29.7728,16.1009,-13.491,-16.675,-51.164,0
I,14947814,-0.6177,-0.2370,9.5050,-2.9628,28.0655,20.0338,-13.311,-18.647,-49.950,0
I,14957814,-0.6440,-0.1245,9.2847,0.6958,23.8887,21.5582,-13.671,-17.213,-50.644,0
I,14967814,-0.5219,-0.2729,9.2249,3.9275,22.6997,21.9241,-14.211,-15.957,-49.777,0
I,14977815,-0.2993,-0.3639,9.2751,3.6836,24.2850,21.6802,-14.031,-17.571,-49.603,0
I,15007814,-0.2825,-0.3735,9.3589,-6.5298,48.1570,10.4302,-13.491,-17.033,-50.817,0
I,15017814,-0.4693,-0.4214,9.1411,-9.5177,49.7423,9.3631,-13.311,-18.647,-50.991,0
I,15027814,-0.5914,-0.5148,8.9471,-9.5786,46.8460,8.9973,-13.851,-17.392,-49.083,0
I,15037814,-0.5986,-0.4693,9.1722,-8.2981,47.2119,7.5338,-14.031,-16.854,-49.950,0
I,15047814,-0.3639,-0.4836,9.2536,-7.3835,46.0838,6.9851,-14.031,-17.213,-50.991,0
I,15057814,-0.0239,-0.1484,9.1602,-5.9811,43.0960,9.3021,-13.311,-16.137,-51.338,0
I,15067814,-0.3017,-0.2562,8.8609,-2.7798,36.1448,12.4424,-14.391,-16.137,-50.991,0
I,15077815,-0.3448,-0.1365,8.7340,2.6775,30.0167,12.8082,-12.772,-17.392,-49.777,0
I,15087814,-0.3328,-0.1772,8.8897,6.4580,28.8887,11.9546,-12.772,-16.675,-49.430,0
I,15097814,-0.1939,-0.5267,9.0501,7.2202,30.5655,9.1497,-12.772,-16.675,-49.430,0
I,15107814,0.2562,-0.4884,9.2847,5.9702,26.8155,1.9241,-14.571,-16.316,-49.430,0
I,15117818,0.1006,-0.6800,9.3134,3.5311,30.8399,-5.2101,-14.571,-17.750,-50.123,0
I,15127814,-0.1867,-0.4262,9.2440,-0.1884,32.3338,-9.5393,-14.031,-17.213,-50.297,0
I,15137815,-0.5124,-0.4286,9.1818,-2.7798,32.8521,-9.8137,-14.031,-16.854,-48.562,0
I,15147815,-0.6273,-0.5195,9.1889,-4.3347,34.9558,-7.6796,-13.311,-17.213,-50.644,0
I,15157814,-0.7254,-0.5148,9.2751,-5.3408,38.2484,-4.2040,-13.851,-17.750,-50.470,0
I,15197814,-0.8068,-0.2538,9.0022,-3.7859,38.4009,0.4912,-12.412,-17.033,-48.389,0
I,15207814,-0.8356,-0.4190,9.0549,-4.3652,30.9619,0.4912,-12.592,-17.571,-50.297,0
I,15217814,-0.8475,-0.4788,9.0716,-5.6762,29.7728,0.5216,-12.952,-15.420,-49.950,0
I,15227815,-0.9720,-0.4621,9.1674,-5.8591,29.8643,0.8265,-12.952,-17.213,-50.644,0
I,15237815,-0.8571,-0.5962,9.3015,-5.8286,26.2362,1.8021,-10.793,-16.137,-51.338,0
I,15247814,-0.5291,-0.6800,9.2057,-6.0725,22.5777,3.6619,-12.592,-15.061,-50.991,0
I,15257815,-0.6632,-0.5411,9.0405,-6.5908,22.1814,2.5034,-12.592,-16.137,-49.950,0
I,15267814,-0.6488,-0.4836,8.7795,-7.3225,21.7545,-0.6674,-10.973,-15.599,-50.817,0
I,15277814,-0.7039,-0.5148,8.7508,-8.1152,23.0960,-2.9845,-11.872,-16.137,-50.991,0
I,15287816,-0.6416,-0.6584,8.9280,-9.8225,23.7667,-2.5271,-12.052,-14.523,-49.777,0
I,15297814,-0.4764,-0.6464,8.8921,-11.2555,28.1570,0.6741,-11.692,-14.882,-51.511,0
I,15307814,-0.6393,-0.5770,8.8322,-10.6762,28.7362,4.5155,-12.052,-15.240,-50.470,0
I,15317815,-0.6177,-0.6728,8.9567,-7.3225,26.5411,6.9241,-12.232,-16.137,-50.644,0
I,15327814,-0.4812,-0.5722,8.7963,-1.8652,22.9436,7.6863,-11.513,-15.778,-50.991,0
I,15337814,-0.5962,-0.4549,8.6981,3.7750,19.0716,5.4302,-13.491,-15.599,-51.164,0
I,15347814,-0.5650,-0.4645,8.5856,6.7323,16.2363,1.7107,-12.952,-17.213,-50.991,0
I,15357814,-0.5578,-0.5171,8.5521,6.3970,13.8277,-1.7954,-14.031,-16.137,-51.338,0
I,15367815,-0.5602,-0.6536,8.6933,2.5250,15.6875,-3.5027,-12.412,-16.316,-51.164,0
I,15377814,-0.5962,-0.7542,8.9184,-3.1762,21.0838,-2.0393,-12.952,-16.854,-52.378,0
I,15387814,-0.8595,-0.8284,9.0692,-7.8408,29.4680,1.6192,-13.491,-16.675,-49.430,0
I,15397814,-0.7063,-0.9122,9.2488,-10.3103,34.1631,5.0034,-13.131,-17.392,-50.470,0
I,15407817,-0.6225,-0.9170,9.3087,-10.0055,35.6875,7.9912,-12.412,-16.675,-50.123,0
I,15417814,-0.5962,-0.9936,9.2225,-7.8713,34.3155,7.9912,-12.952,-15.061,-50.297,0
I,15427814,-0.4357,-0.8428,9.1866,-5.1884,31.7545,5.1253,-11.153,-14.702,-50.644,0
I,15437814,-0.5363,-0.8428,9.0453,-2.5359,28.5533,1.3448,-12.052,-14.882,-50.470,0
I,15447815,-0.6416,-0.6967,8.8657,-0.7067,24.8643,-1.3686,-12.052,-15.957,-51.858,0
I,15457814,-0.5507,-0.5674,8.7556,-0.0055,21.3887,-2.2527,-12.952,-15.778,-50.991,0
I,15507815,-3.2825,-3.1340,7.4939,-34.6396,15.6875,-7.7710,-12.232,-16.495,-51.684,0
I,15517814,0.6009,0.0048,10.6015,9.9641,5.6875,-4.9357,-11.872,-15.420,-50.644,0
I,15527814,-0.2873,-2.3535,9.2775,16.7323,30.9314,-12.7405,-12.592,-15.778,-51.684,0
I,15537814,-0.1053,-0.7422,10.0413,13.9884,32.3948,-5.3625,-12.052,-15.599,-50.817,0
I,15547814,-0.5291,-1.1684,9.3589,12.2506,42.9131,1.3448,-12.412,-14.882,-50.470,0
I,15557814,-0.7590,-0.6393,9.2847,12.4945,52.7302,4.6375,-12.052,-14.882,-50.817,0
I,15567814,-0.7183,-0.4932,8.9136,12.2202,50.9923,6.3448,-12.052,-14.882,-50.817,2
I,15577815,-0.7685,-0.4046,8.8562,10.8787,39.1631,6.1924,-11.872,-16.854,-50.644,0
I,15587814,-0.6321,-0.3615,8.8633,9.5372,26.5106,4.6985,-12.232,-16.137,-51.338,0
I,15597815,-0.5411,-0.3400,8.8298,9.4763,19.7728,2.9912,-12.232,-15.778,-49.603,0
I,15607814,-0.4405,-0.3974,9.0477,9.8726,15.2606,1.4363,-11.692,-16.675,-50.817,0
I,15617814,-0.3352,-0.5555,9.4068,9.2933,11.9984,0.8875,-11.872,-16.137,-50.991,0
I,15627814,-0.4788,-0.8140,9.7276,6.8848,8.9802,0.2473,-12.952,-17.571,-49.950,0
I,15637814,-0.3615,-1.3120,9.6103,3.5921,7.4558,0.3692,-13.311,-15.061,-50.644,0
I,15647814,-0.4621,-1.0726,9.7013,1.8238,12.5472,1.0095,-11.872,-15.420,-51.684,0
I,15657814,-0.4286,-0.9744,9.4403,0.3909,18.4619,0.2473,-12.232,-16.137,-49.603,0
I,15667814,-0.2897,-0.7781,9.1339,0.3604,23.6753,-1.7040,-11.692,-17.392,-51.511,0
I,15677814,-0.3424,-0.4932,8.9136,1.3665,26.9070,-2.5576,-12.412,-16.675,-51.164,0
I,15687814,-0.5291,-0.3998,8.5760,2.3116,25.0472,-2.2527,-12.772,-17.033,-50.123,0
I,15697817,-0.4166,-0.2562,8.4036,3.9580,19.0411,-2.4052,-10.973,-17.750,-50.123,0
I,15707814,-0.3376,-0.2394,8.4036,6.4884,15.3826,-2.8015,-11.333,-15.599,-50.817,0
I,15717814,-0.1508,-0.1772,8.2097,9.8421,10.3521,-4.1125,-13.671,-16.495,-51.338,0
I,15727814,-0.0886,-0.2298,8.3055,13.2262,5.8704,-5.2710,-12.232,-15.778,-50.644,0
I,15737814,0.0048,-0.4980,8.4036,16.0616,2.5167,-6.2466,-12.592,-15.778,-49.256,0
I,15747814,0.0431,-0.7997,8.7843,19.4458,2.1509,-6.0637,-12.592,-16.854,-50.644,0
I,15757816,-0.0311,-0.8045,9.0142,21.8238,10.3521,-5.2101,-12.952,-16.137,-49.950,0
I,15767814,0.2322,-1.3838,9.0788,23.1043,16.8765,-4.5088,-14.211,-17.033,-49.777,0
I,15777814,0.0958,-0.8404,9.0908,24.0494,23.9497,0.8570,-12.412,-17.392,-50.817,0
I,15787814,0.1772,-0.6440,9.1339,24.6287,26.0228,1.1009,-13.851,-17.750,-50.470,0
I,15797814,-0.2155,-0.3400,8.9854,24.1409,21.9680,3.3265,-14.031,-17.930,-48.909,0
I,15807814,-0.2083,-0.2251,9.5577,22.1287,4.1631,0.6131,-12.952,-19.005,-49.603,0
I,15817815,1.6257,-1.1229,12.1817,18.5616,-13.7028,-3.7162,-12.412,-17.750,-49.083,0
I,15827814,0.1628,-1.2570,9.6774,7.9214,18.4314,-7.5576,-13.671,-19.005,-50.297,0
I,15837814,0.0144,-0.3256,9.3350,7.9823,18.6143,-11.0332,-13.491,-16.675,-49.430,0
I,15847814,-0.4334,0.3136,9.6271,7.1287,19.1631,-11.2466,-12.952,-17.571,-51.338,0
I,15857814,-0.4669,0.4788,9.2081,6.4275,16.5716,-9.0515,-14.211,-19.185,-49.430,0
I,15867814,-0.3256,-0.0910,9.1435,6.7019,13.1875,-3.2588,-14.031,-17.930,-49.256,0
I,15877818,-0.3424,-0.4262,8.9783,7.8299,7.5777,0.9485,-14.750,-18.647,-50.297,0
I,15887814,-0.3855,-0.6871,8.0038,9.0494,16.1448,-1.7954,-13.851,-18.468,-49.430,0
I,15897814,0.6704,0.6129,6.2201,11.9153,50.2911,-6.9174,-13.491,-19.185,-50.470,0
I,15907815,-1.1492,0.3759,7.7883,17.5860,91.9070,-7.3747,-14.031,-18.288,-50.297,0
I,15917815,0.3352,0.3472,9.0788,26.4275,32.7606,-8.2284,-12.772,-16.675,-49.083,0
I,15927815,0.5578,-0.0359,8.8705,29.4458,27.8216,-2.1613,-13.851,-19.185,-49.083,0
I,15937817,0.2969,-0.7111,8.6550,31.1531,26.9680,3.2351,-12.412,-18.468,-49.083,0
I,15947814,0.3376,-0.6512,8.6981,33.5921,25.2911,6.9851,-11.692,-18.109,-50.123,0
I,15957815,0.1867,-0.5890,9.2847,34.0799,25.1082,8.8753,-11.333,-18.109,-48.736,0
I,15967814,0.0287,-0.3519,9.5074,32.7080,25.8704,8.8448,-12.052,-19.185,-49.083,0
I,15977814,0.0694,-0.2682,9.4547,31.1836,25.6570,9.4546,-12.772,-19.902,-48.736,0
I,15987815,0.0144,-0.2179,9.1435,31.0921,23.7667,10.6436,-12.952,-19.723,-48.562,0
I,15997814,-0.0646,-0.0048,8.9016,32.4641,20.5045,11.3143,-12.592,-21.157,-49.256,0
I,16007814,-0.0646,0.2059,8.6072,33.8970,20.9619,10.7960,-13.131,-20.261,-48.736,0
I,16017814,-0.1604,0.3280,8.4348,36.0921,28.2789,7.8082,-11.872,-19.723,-48.909,0
I,16027815,-0.0024,0.4286,8.9998,37.0982,37.8216,5.0338,-13.671,-19.723,-49.256,0
I,16037814,0.5052,0.6752,9.2967,39.5067,27.6692,5.0338,-11.872,-20.440,-46.828,0
I,16047814,0.9457,0.9385,9.2919,40.1165,23.9802,9.4546,-14.391,-21.874,-47.522,0
I,16057814,1.3958,1.8172,16.8648,36.5189,17.5167,17.1680,-14.571,-20.978,-46.308,0
I,16067814,1.6999,1.5538,10.9822,5.3299,38.1265,35.7655,-12.772,-20.619,-47.002,0
I,16077814,-0.7590,-0.0215,9.5672,1.3360,28.5533,47.6253,-13.851,-21.695,-46.308,0
I,16087814,-1.7837,-0.1053,9.2703,1.1531,26.9680,38.8143,-12.232,-21.516,-46.828,0
I,16097814,-0.4477,0.6416,9.1626,1.1531,26.4802,23.8448,-13.671,-20.081,-46.828,0
I,16107814,0.0527,0.7302,9.0860,1.3360,26.3582,14.1802,-13.131,-20.261,-47.695,0
I,16167817,0.1125,0.9960,9.3015,1.3360,26.6326,-0.7284,-13.131,-20.978,-48.389,0
I,16177814,0.1508,0.7063,9.2273,1.3360,26.5411,-2.3747,-14.391,-19.364,-46.481,0
I,16187814,0.1030,0.2394,9.2081,1.3970,26.5411,-2.9235,-12.412,-21.695,-47.695,0
I,16197814,-0.0048,0.2298,9.1363,1.3665,26.2667,-2.2832,-13.311,-21.157,-47.869,0
I,16207814,0.0287,0.4262,9.2153,1.2750,26.2667,-0.8198,-14.031,-22.233,-47.869,0
I,16217814,-0.5531,0.6440,9.2847,1.1531,26.0838,0.9180,-13.491,-20.978,-48.042,0
I,16227817,0.5459,0.3376,9.1818,1.1531,26.6936,-1.7345,-11.872,-20.798,-46.828,0
I,16237814,0.2203,0.6129,9.1961,1.3360,26.7241,2.8082,-13.671,-20.798,-46.828,0
I,16247815,0.0622,0.6536,9.1602,1.3665,26.4802,3.1131,-14.750,-20.798,-46.134,0
I,16257814,0.0599,0.6464,9.2081,1.3055,26.6021,3.3265,-12.772,-22.054,-46.308,0
I,16267814,0.0527,0.6321,9.2464,1.2750,26.4802,3.3265,-14.031,-21.874,-47.522,0
I,16277814,0.0407,0.6225,9.1961,1.2750,26.6326,3.3570,-12.412,-22.412,-47.695,0
I,16287814,0.0263,0.6273,9.1602,1.2445,26.5411,3.2960,-13.311,-20.081,-46.481,0
I,16297814,0.0359,0.6201,9.2081,1.4275,26.4497,3.1131,-13.491,-21.336,-48.042,0
I,16337814,0.0359,0.6225,9.1674,1.3055,26.4802,3.2351,-13.851,-21.336,-47.695,0
I,16347814,0.0551,0.6416,9.2153,1.3360,26.4802,3.2351,-13.131,-20.261,-47.348,0
I,16357814,0.0359,0.6321,9.2320,1.3665,26.5106,3.3570,-13.311,-21.157,-46.481,0
I,16367814,0.0215,0.6201,9.1818,1.3360,26.6326,3.3570,-12.952,-21.157,-46.828,0
I,16377814,0.0287,0.6393,9.1530,1.3665,26.5411,3.4485,-14.391,-21.157,-47.869,0
I,16387814,0.0359,0.6345,9.1961,1.3665,26.5411,3.4485,-11.333,-21.336,-47.695,0
I,16397815,0.0551,0.6225,9.1866,1.3970,26.5411,3.4180,-14.391,-20.440,-47.869,0
I,16407815,0.0646,0.6440,9.2177,1.3360,26.5411,3.2960,-13.311,-20.798,-46.134,0
I,16417814,0.0670,0.6560,9.1650,1.3360,26.5411,3.3265,-13.491,-20.261,-47.348,0
I,16427814,0.0431,0.6321,9.1746,1.3665,26.5411,3.2960,-12.232,-20.440,-46.481,0
I,16437814,0.0551,0.6249,9.2057,1.3970,26.5106,3.3265,-13.851,-20.978,-48.389,0
I,16447814,0.0287,0.6297,9.2296,1.3665,26.6021,3.2655,-13.671,-19.723,-47.869,0
I,16457815,0.0311,0.6225,9.2105,1.3665,26.6326,3.3265,-12.592,-21.157,-46.481,0
I,16467814,0.0239,0.6416,9.1842,1.3970,26.5411,3.3570,-13.671,-20.798,-47.175,0
I,16477814,0.0407,0.6440,9.2296,1.3360,26.5411,3.3570,-13.671,-20.798,-47.175,2
I,16487814,0.0503,0.6369,9.2081,1.3055,26.5716,3.2960,-12.952,-20.798,-46.828,0
I,16497815,0.0431,0.6321,9.2033,1.2445,26.6326,3.3570,-12.772,-20.978,-46.655,0
I,16507815,0.0311,0.6297,9.2201,1.3360,26.5411,3.3265,-13.311,-21.516,-46.828,0
I,16517815,0.0599,0.6440,9.2201,1.3665,26.5106,3.4180,-14.391,-21.157,-46.134,0
I,16527814,0.0383,0.6512,9.2057,1.2750,26.4497,3.3265,-14.031,-20.440,-47.175,0
I,16537814,0.0503,0.6512,9.2129,1.3970,26.5411,3.2960,-12.052,-20.619,-47.348,0
I,16547814,0.0575,0.6369,9.1937,1.3055,26.5716,3.3265,-13.491,-22.054,-46.308,0
I,16557814,0.0622,0.6201,9.1794,1.2141,26.5716,3.2655,-13.851,-20.619,-48.389,0
I,16567814,0.0503,0.6369,9.1794,1.2750,26.6936,3.2960,-13.131,-22.054,-48.389,0
I,16577814,0.0479,0.6249,9.1842,1.3360,26.6631,3.2351,-12.412,-20.978,-48.042,0
I,16587814,0.0335,0.6273,9.2177,1.3055,26.7545,3.4180,-12.772,-22.054,-47.348,0
I,16597814,0.0455,0.6369,9.2129,1.3360,26.5106,3.2960,-13.851,-20.619,-47.695,0
I,16607814,0.0263,0.6345,9.1578,1.3360,26.5716,3.3265,-12.772,-21.695,-47.695,0
I,16617814,0.0575,0.6369,9.2129,1.3055,26.6326,3.2960,-12.772,-21.336,-46.308,0
I,16627814,0.0551,0.6440,9.1818,1.3970,26.6021,3.3570,-14.211,-21.336,-48.042,0
I,16637817,0.0455,0.6249,9.2057,1.2141,26.6021,3.3265,-14.930,-20.978,-48.042,0
I,16647814,0.0383,0.6393,9.2009,1.2750,26.6631,3.2655,-11.692,-21.336,-48.736,0
I,16657814,0.0479,0.6440,9.2057,1.3055,26.6326,3.2655,-13.851,-20.261,-47.348,0
I,16667814,0.0335,0.6297,9.1985,1.2445,26.6326,3.1741,-13.851,-22.054,-48.042,0
I,16677814,0.0479,0.6440,9.2081,1.2445,26.5716,3.3265,-13.311,-21.516,-47.522,0
I,16687815,0.0551,0.6249,9.2009,1.3360,26.4497,3.2655,-13.311,-21.874,-48.216,0
I,16697814,0.0527,0.6536,9.2105,1.2445,26.5106,3.3265,-13.851,-22.412,-48.042,0
I,16707814,0.0670,0.6488,9.2129,1.3360,26.5411,3.2960,-12.952,-19.723,-48.562,0
I,16717814,0.0622,0.6321,9.1985,1.3055,26.6326,3.4485,-12.592,-21.516,-46.481,0
I,16727814,0.0431,0.6536,9.2081,1.4275,26.5411,3.4485,-12.772,-20.619,-46.655,0
I,16737814,0.0479,0.6440,9.2249,1.2750,26.5411,3.4180,-13.311,-21.157,-47.869,0
I,16747814,0.0335,0.6249,9.1985,1.3665,26.5411,3.4790,-12.952,-21.516,-46.481,0
I,16757814,0.0407,0.6416,9.2273,1.3360,26.6021,3.4180,-14.571,-20.619,-47.695,0
I,16767814,0.0359,0.6177,9.2105,1.3055,26.5716,3.2351,-12.592,-20.798,-46.134,0
I,16777814,0.0455,0.6393,9.2177,1.2750,26.6936,3.2655,-14.750,-21.157,-48.216,0
I,16787814,0.0527,0.6201,9.1866,1.3665,26.6631,3.3570,-14.211,-20.619,-47.348,0
I,16797814,0.0551,0.6273,9.2009,1.3665,26.6326,3.3265,-13.491,-20.978,-47.348,0
I,16807814,0.0455,0.6345,9.2009,1.3970,26.6021,3.2960,-12.232,-21.157,-47.869,0
I,16817814,0.0263,0.6512,9.1674,1.4275,26.4802,3.2960,-12.412,-19.902,-47.002,0
I,16827814,0.0383,0.6584,9.2033,1.3360,26.5411,3.3875,-13.851,-22.054,-49.430,0
I,16837814,0.0407,0.6536,9.1937,1.3360,26.6021,3.3265,-13.671,-21.157,-48.562,0
I,16847815,0.0383,0.6345,9.2105,1.3665,26.5716,3.3875,-14.571,-20.261,-47.002,0
I,16857815,0.0407,0.6393,9.2033,1.3360,26.6326,3.2351,-13.131,-22.771,-46.655,0
I,16867814,0.0359,0.6153,9.1889,1.3665,26.6326,3.3265,-12.952,-20.798,-47.175,0
I,16877814,0.0431,0.6297,9.2129,1.3360,26.6631,3.2655,-12.772,-19.902,-48.042,0
I,16887814,0.0551,0.6225,9.2153,1.2445,26.5716,3.3570,-14.571,-21.336,-48.389,0
I,16897814,0.0359,0.6321,9.1937,1.3055,26.5411,3.3570,-13.491,-20.619,-48.389,0
I,16907814,0.0407,0.6512,9.2129,1.3055,26.5716,3.2655,-12.952,-20.440,-46.828,0
I,16917814,0.0287,0.6225,9.2296,1.3970,26.5716,3.2046,-13.851,-22.412,-47.695,0
I,16927816,0.0431,0.6488,9.2225,1.3055,26.5411,3.3265,-12.412,-21.336,-47.695,0
I,16937814,0.0527,0.6273,9.1650,1.3360,26.5716,3.3570,-13.311,-22.233,-48.216,0
I,16947814,0.0263,0.6249,9.2057,1.3055,26.5411,3.4180,-13.851,-20.978,-47.695,0
I,16957814,0.0455,0.6249,9.2009,1.3970,26.5716,3.3570,-12.232,-20.798,-46.828,0
I,16967814,0.0383,0.6225,9.1818,1.4275,26.6631,3.2960,-15.830,-21.516,-48.216,0
I,16977814,0.0431,0.6488,9.1842,1.3055,26.6021,3.2655,-13.671,-20.798,-46.828,0
I,16987815,0.0479,0.6297,9.1770,1.3055,26.4802,3.2655,-13.491,-21.695,-47.348,0
I,16997814,0.0646,0.6345,9.2249,1.3970,26.5716,3.4790,-14.211,-19.543,-46.308,0
I,17007814,0.0551,0.6488,9.2129,1.3665,26.5716,3.4180,-12.772,-20.978,-46.308,0
I,17047815,0.0359,0.6273,9.1913,1.3665,26.6021,3.3265,-14.571,-22.054,-47.002,0
I,17057815,0.0479,0.6153,9.2249,1.3665,26.5716,3.3875,-13.671,-21.157,-46.828,0
I,17067814,0.0287,0.6273,9.2057,1.3360,26.5716,3.3570,-13.131,-21.695,-47.348,0
I,17077814,0.0527,0.6345,9.2081,1.4884,26.5411,3.2351,-14.571,-20.261,-47.695,0
I,17087814,0.0503,0.6153,9.2081,1.3665,26.6021,3.3265,-13.311,-21.874,-46.481,0
I,17097814,0.0551,0.6584,9.2464,1.3055,26.5106,3.3570,-13.671,-19.364,-47.869,0
I,17107814,0.0503,0.6488,9.2296,1.3665,26.6021,3.2960,-13.491,-22.412,-47.002,0
I,17117814,0.0383,0.6536,9.1985,1.3665,26.6326,3.3875,-12.952,-20.440,-47.522,0
I,17127815,0.0527,0.6321,9.1985,1.3665,26.6021,3.2655,-14.211,-20.619,-48.389,0
I,17137815,0.0383,0.6464,9.2344,1.3665,26.5716,3.3570,-13.671,-20.798,-47.175,0
I,17147815,0.0383,0.6369,9.1842,1.4580,26.5716,3.2351,-13.131,-21.695,-48.042,0
I,17157814,0.0455,0.6177,9.2009,1.3970,26.5411,3.2960,-13.851,-20.619,-46.655,0
I,17167814,0.0311,0.6249,9.2033,1.3360,26.5411,3.3265,-14.750,-21.516,-48.216,0
I,17177814,0.0359,0.6369,9.2153,1.3360,26.5716,3.3570,-13.851,-20.619,-47.348,0
I,17187814,0.0359,0.6584,9.2057,1.2750,26.5106,3.4180,-14.211,-21.336,-47.695,0
I,17197814,0.0503,0.6393,9.1985,1.3360,26.5106,3.3265,-13.131,-20.619,-47.002,0
I,17207815,0.0670,0.6584,9.1818,1.3360,26.5716,3.2351,-13.851,-20.261,-47.695,0
I,17217815,0.0670,0.6416,9.2177,1.2445,26.6631,3.3265,-12.952,-22.591,-48.562,0
I,17227814,0.0455,0.6632,9.1866,1.3055,26.5411,3.4180,-15.110,-19.364,-47.175,0
I,17237814,0.0383,0.6416,9.1770,1.3970,26.5411,3.2655,-12.952,-19.723,-47.522,0
I,17247814,-0.0192,0.6273,9.0812,1.5189,26.4802,3.2960,-13.671,-20.798,-47.175,0
I,17257814,0.0096,0.6464,9.3518,1.3665,26.4802,3.2960,-11.692,-22.771,-48.042,0
I,17267814,0.0407,0.6297,9.2368,1.4275,26.4802,3.2351,-13.311,-20.440,-46.828,0
I,17277815,0.0718,0.6321,9.2392,1.3055,26.6326,3.2655,-13.491,-22.771,-46.655,0
I,17287815,0.0814,0.6440,9.1602,1.3360,26.7545,3.1741,-12.592,-20.440,-47.522,0
I,17297814,0.0958,0.6871,9.1842,1.2750,26.4802,3.3570,-14.930,-20.978,-45.961,0
I,17307814,0.0694,0.6536,9.1674,1.3970,26.6631,3.3570,-13.851,-20.619,-47.348,0
I,17317814,0.0311,0.6512,9.2488,1.3360,26.5106,3.3875,-14.750,-22.233,-47.522,0
I,17347814,0.0383,0.5938,9.1698,1.3665,26.5106,3.2655,-14.211,-21.695,-47.695,0
I,17357814,0.0694,0.6273,9.1937,1.3970,26.4802,3.2655,-13.131,-22.054,-47.348,0
I,17367814,0.0814,0.6393,9.2320,1.2750,26.5716,3.4485,-13.131,-22.054,-47.348,2
I,17377814,0.0814,0.6536,9.1961,1.3360,26.5106,3.3570,-12.052,-21.336,-47.695,0
I,17387815,0.0479,0.6656,9.1530,1.3360,26.6021,3.3570,-13.491,-22.054,-47.002,0
I,17397816,0.0144,0.6416,9.2057,1.3665,26.5411,3.3265,-11.692,-22.054,-45.614,0
I,17407815,0.0263,0.6249,9.2081,1.3665,26.4802,3.3265,-14.211,-20.261,-47.348,0
I,17417814,0.0120,0.6105,9.2296,1.3055,26.6021,3.3265,-12.772,-21.336,-48.736,0
I,17427814,0.0287,0.6153,9.1770,1.3360,26.5716,3.2960,-13.311,-20.440,-46.134,0
I,17437814,0.0503,0.6225,9.2177,1.3665,26.4802,3.2655,-14.211,-21.695,-46.308,0
I,17447814,0.0838,0.6369,9.2081,1.4884,26.4192,3.2351,-14.211,-20.619,-47.348,0
I,17457816,0.0694,0.6752,9.2177,1.3665,26.5411,3.3570,-13.131,-22.412,-47.695,0
I,17467814,0.0551,0.6656,9.1985,1.2750,26.5106,3.3570,-13.311,-21.157,-47.869,0
I,17507814,0.0718,0.5986,9.1818,1.2750,26.6631,3.2655,-12.952,-20.798,-49.256,0
I,17517815,0.0694,0.6369,9.1530,1.2445,26.6326,3.3570,-13.491,-20.619,-47.695,0
I,17527814,0.0551,0.6680,9.1722,1.3055,26.7545,3.3570,-13.311,-21.157,-47.522,0
I,17537814,0.0527,0.6752,9.2105,1.4580,26.5411,3.4485,-12.772,-21.336,-48.042,0
I,17547814,0.0192,0.6440,9.2201,1.3970,26.4497,3.2351,-13.311,-21.874,-48.909,0
I,17557814,0.0048,0.6440,9.2225,1.4275,26.6021,3.3570,-12.952,-19.723,-46.828,0
I,17567814,0.0215,0.6129,9.2201,1.3055,26.5411,3.3875,-12.232,-22.233,-47.175,0
I,17577814,0.0431,0.5866,9.2249,1.3055,26.6326,3.2655,-14.031,-23.309,-48.216,0
I,17587814,0.0862,0.6249,9.2129,1.3055,26.6631,3.2960,-13.671,-21.874,-47.175,0
I,17597814,0.0814,0.6536,9.1794,1.3055,26.6631,3.2960,-15.470,-20.440,-47.869,0
I,17607814,0.0838,0.6704,9.1770,1.3055,26.5716,3.4485,-13.311,-21.516,-47.869,0
I,17617814,0.0479,0.6752,9.1698,1.3665,26.4192,3.4790,-12.952,-21.874,-47.175,0
I,17627814,0.0311,0.6680,9.2368,1.2445,26.5106,3.3570,-11.333,-21.336,-48.389,0
I,17637814,0.0120,0.6393,9.2201,1.2445,26.6326,3.3265,-13.491,-20.261,-46.655,0
I,17647814,0.0192,0.6201,9.2153,1.3055,26.5106,3.2960,-13.311,-20.798,-47.522,0
I,17657814,0.0575,0.5938,9.1889,1.1836,26.5716,3.3265,-13.851,-20.978,-46.308,0
I,17667814,0.0694,0.6153,9.2009,1.3360,26.5411,3.2655,-14.031,-21.516,-47.869,0
I,17677814,0.0718,0.6081,9.1913,1.3665,26.5411,3.3265,-13.311,-19.723,-47.522,0
I,17687815,0.0192,0.6273,9.1506,1.3665,26.5411,3.2655,-14.391,-21.157,-47.522,0
I,17697814,0.0000,0.6440,9.2201,1.4275,26.4802,3.2960,-11.692,-22.412,-48.042,0
I,17707815,0.0263,0.6416,9.2560,1.3665,26.5106,3.1741,-14.211,-20.978,-47.348,0
I,17717815,0.0814,0.6512,9.2033,1.3665,26.5106,3.2046,-13.491,-22.771,-46.655,0
I,17727815,0.1317,0.6345,9.1770,1.3665,26.5106,3.3570,-13.131,-21.336,-48.389,0
I,17737814,0.1125,0.6369,9.2105,1.3970,26.5716,3.4485,-14.031,-20.440,-47.175,0
I,17747816,0.0287,0.6273,9.2344,1.3665,26.5106,3.4485,-12.952,-21.157,-47.522,0
I,17757814,-0.0311,0.6105,9.2201,1.3055,26.5411,3.5095,-12.052,-21.695,-45.961,0
I,17767814,-0.0431,0.6297,9.2249,1.2750,26.6631,3.2960,-13.491,-22.412,-46.655,0
I,17777814,0.0048,0.6369,9.1794,1.2750,26.5716,3.1131,-13.311,-20.798,-47.522,0
I,17787814,0.0575,0.6297,9.2392,1.3360,26.6021,3.2351,-14.391,-21.157,-47.175,0
I,17797814,0.1173,0.6369,9.2368,1.4275,26.5411,3.2655,-14.031,-21.874,-46.828,0
I,17807815,0.1149,0.6464,9.2153,1.3360,26.6631,3.4485,-13.851,-20.619,-47.695,0
I,17817814,0.0862,0.6416,9.2009,1.2750,26.5716,3.3570,-12.592,-20.798,-47.175,0
I,17827814,0.0192,0.6440,9.1985,1.3360,26.6326,3.5095,-13.671,-21.874,-45.788,0
I,17837814,-0.0048,0.6416,9.2177,1.4275,26.5411,3.2655,-13.131,-20.619,-47.348,0
I,17847814,-0.0192,0.6393,9.2201,1.3665,26.6021,3.3570,-14.031,-22.950,-47.522,0
I,17857814,0.0168,0.6321,9.2129,1.3665,26.5106,3.0826,-12.592,-21.516,-46.134,0
I,17867817,0.0455,0.6177,9.1866,1.3665,26.4802,3.1741,-13.671,-21.516,-47.175,0
I,17877814,0.0814,0.6273,9.1291,1.5189,26.4497,3.3570,-12.592,-21.157,-47.522,0
I,17887815,0.0790,0.6057,9.2608,1.1531,26.6021,3.3265,-13.851,-22.412,-48.736,0
I,17897814,0.0622,0.6704,9.2751,1.3665,26.6631,3.2655,-12.232,-20.798,-47.522,0
I,17907814,0.0335,0.6416,9.2105,1.2750,26.5716,3.3570,-12.412,-20.978,-48.736,0
I,17917814,0.0694,0.6416,9.1171,1.2750,26.6631,3.3265,-12.772,-22.054,-48.389,0
I,17927817,0.0790,0.6632,9.2201,1.3360,26.5411,3.3265,-14.391,-21.157,-47.175,0
I,17937814,0.0838,0.6560,9.2273,1.3055,26.5716,3.2960,-12.772,-21.336,-46.655,0
I,17947814,0.0479,0.6177,9.2201,1.3055,26.6021,3.3265,-12.952,-20.081,-47.522,0
I,17957814,0.0215,0.6225,9.1363,1.2141,26.6326,3.3265,-13.311,-20.440,-47.522,0
I,17967814,0.0239,0.6225,9.1889,1.3665,26.5716,3.3875,-13.491,-21.336,-48.389,0
I,17977814,0.0311,0.5986,9.1937,1.4275,26.4802,3.2655,-14.391,-21.157,-46.828,0
I,17987814,0.0311,0.6416,9.1842,1.3970,26.4802,3.3875,-13.131,-22.054,-47.002,0
I,17997814,0.0670,0.6440,9.1961,1.3970,26.5716,3.3875,-12.772,-21.695,-47.002,0
I,18007814,0.0646,0.6632,9.1961,1.3665,26.5106,3.4790,-13.131,-21.336,-47.695,0
I,18017814,0.0646,0.6536,9.2105,1.2750,26.5106,3.3265,-13.851,-20.619,-48.389,0
I,18027814,0.0599,0.6536,9.2105,1.2750,26.4802,3.3570,-14.211,-21.695,-47.002,0
I,18037814,0.0575,0.6584,9.2129,1.3970,26.6326,3.4485,-12.772,-20.978,-45.961,0
I,18087814,0.0335,0.6273,9.2177,1.4580,26.5411,3.2655,-13.311,-21.157,-47.175,0
I,18097814,0.0527,0.6416,9.2225,1.3970,26.6021,3.2046,-12.952,-21.874,-47.522,0
I,18107814,0.0479,0.6488,9.2440,1.3055,26.5106,3.3570,-14.211,-19.902,-47.348,0
I,18117815,0.0718,0.6393,9.2081,1.2750,26.5106,3.4180,-13.131,-20.619,-48.042,0
I,18127815,0.0934,0.6632,9.1650,1.3055,26.6021,3.3875,-13.131,-21.336,-49.083,0
I,18137814,0.0766,0.6464,9.1674,1.3665,26.6021,3.3265,-12.772,-20.619,-48.736,0
I,18147814,0.0575,0.6440,9.2081,1.3055,26.5411,3.2960,-13.671,-22.591,-47.175,0
I,18157816,0.0335,0.6416,9.2177,1.2750,26.5411,3.4485,-13.671,-21.516,-46.134,0
I,18167814,0.0120,0.6321,9.1937,1.3665,26.5106,3.3875,-13.131,-19.902,-47.002,0
I,18177814,0.0215,0.6201,9.1794,1.3360,26.5716,3.3570,-12.952,-20.440,-47.522,0
I,18207814,0.0646,0.6321,9.2009,1.2141,26.4802,3.4180,-13.131,-21.695,-48.736,0
I,18217815,0.0503,0.6536,9.2201,1.3055,26.5716,3.3875,-14.031,-20.798,-47.175,0
I,18227814,0.0311,0.6393,9.1794,1.3665,26.5106,3.2046,-13.671,-21.157,-47.869,0
I,18237814,0.0455,0.6512,9.1961,1.4580,26.4802,3.2655,-13.491,-21.695,-47.348,0
I,18247814,0.0622,0.6345,9.2009,1.4275,26.4497,3.3570,-13.491,-21.695,-47.348,2
I,18257814,0.0742,0.6440,9.2057,1.3665,26.5106,3.3570,-13.671,-21.516,-47.175,0
I,18267814,0.0575,0.6393,9.1554,1.3665,26.4497,3.2655,-12.592,-21.516,-47.522,0
I,18277814,0.0503,0.6177,9.2273,1.4275,26.4802,3.2960,-14.211,-21.695,-45.614,0
I,18287814,0.0311,0.6153,9.2632,1.2445,26.6936,3.2960,-14.031,-21.157,-47.522,0
I,18297814,0.0239,0.6416,9.2656,1.2445,26.6631,3.3265,-13.851,-20.261,-46.308,0
I,18307814,0.0622,0.6321,9.1698,1.1836,26.7545,3.3265,-14.930,-22.054,-48.389,0
I,18317814,0.0718,0.6632,9.1267,1.3360,26.5106,3.2655,-12.772,-21.695,-46.308,0
I,18327814,0.0838,0.6680,9.1913,1.2141,26.6021,3.4180,-12.772,-20.261,-48.042,0
I,18337814,0.0862,0.6632,9.2416,1.3360,26.5411,3.5095,-14.031,-19.723,-48.216,0
I,18347815,0.0455,0.6321,9.1794,1.3360,26.6326,3.4485,-12.412,-21.695,-48.736,0
I,18357815,0.0048,0.6033,9.1506,1.3055,26.6021,3.3875,-13.131,-20.261,-45.614,0
I,18367814,0.0048,0.6129,9.2105,1.2750,26.5411,3.2960,-12.232,-20.440,-46.481,0
I,18417814,0.0646,0.7063,9.2416,1.3665,26.5716,3.3570,-14.031,-21.516,-47.522,0
I,18427814,0.0575,0.6776,9.2105,1.3360,26.5411,3.3875,-12.952,-20.798,-46.481,0
I,18437815,0.0359,0.6201,9.2057,1.1836,26.5411,3.3875,-14.211,-21.336,-46.655,0
I,18447815,0.0072,0.6153,9.1913,1.2750,26.5411,3.4485,-13.131,-22.771,-48.042,0
I,18457814,0.0263,0.6153,9.1913,1.3970,26.5716,3.2960,-12.412,-21.695,-45.961,0
I,18467814,0.0551,0.5938,9.1913,1.2750,26.6326,3.2960,-13.671,-22.233,-47.522,0
I,18477814,0.0694,0.6345,9.2201,1.3970,26.6021,3.1741,-13.311,-20.440,-48.216,0
I,18487814,0.0622,0.6512,9.1937,1.1836,26.6326,3.2960,-14.031,-21.516,-47.522,0
I,18497814,0.0503,0.6656,9.1985,1.3360,26.4497,3.3570,-13.491,-20.978,-47.348,0
I,18507814,0.0503,0.6584,9.1961,1.3360,26.5716,3.4180,-14.391,-19.723,-47.175,0
I,18547814,0.0694,0.6033,9.1770,1.3665,26.5716,3.3265,-14.211,-20.261,-48.042,0
I,18557814,0.0527,0.6321,9.2081,1.2445,26.5411,3.2960,-13.311,-21.516,-47.522,0
I,18567814,0.0407,0.6512,9.2105,1.4275,26.6021,3.2960,-12.772,-21.336,-47.348,0
I,18577814,0.0503,0.6440,9.2416,1.3055,26.5411,3.3875,-13.671,-21.874,-47.869,0
I,18587814,0.0527,0.6608,9.1913,1.3665,26.5411,3.2046,-14.211,-20.978,-48.389,0
I,18597814,0.0551,0.6656,9.1746,1.3055,26.6021,3.3570,-13.671,-21.157,-46.828,0
I,18607814,0.0551,0.6249,9.2057,1.3360,26.5411,3.3265,-13.671,-21.157,-47.175,0
I,18617814,0.0599,0.6297,9.1889,1.3970,26.6021,3.4485,-14.750,-21.516,-46.828,0
I,18627817,0.0455,0.6105,9.1937,1.3055,26.4802,3.4790,-14.391,-21.157,-46.828,0
I,18637814,0.0407,0.6225,9.2320,1.3360,26.5716,3.3570,-13.131,-20.619,-47.348,0
I,18647815,0.0311,0.6369,9.2129,1.3665,26.4192,3.3875,-13.851,-21.695,-48.042,0
I,18657814,0.0431,0.6656,9.1842,1.3055,26.5106,3.3265,-13.851,-22.771,-48.042,0
I,18667814,0.0455,0.6656,9.2033,1.3665,26.5411,3.3875,-13.311,-22.950,-47.175,0
I,18677814,0.0670,0.6608,9.2009,1.3360,26.4802,3.3570,-13.671,-20.798,-48.216,0
I,18687816,0.0670,0.6488,9.2177,1.3970,26.5716,3.3875,-12.772,-20.978,-47.695,0
I,18697814,0.0670,0.6464,9.2009,1.3970,26.5411,3.3570,-15.110,-21.157,-47.869,0
I,18707814,0.0431,0.6249,9.2033,1.3665,26.6326,3.3875,-13.491,-20.619,-47.695,0
I,18717814,0.0263,0.6273,9.1937,1.3055,26.6326,3.3875,-13.311,-21.516,-46.481,0
I,18727814,0.0168,0.6393,9.2057,1.3360,26.6021,3.2351,-14.391,-22.591,-48.562,0
I,18737814,0.0239,0.6512,9.2081,1.3665,26.6326,3.3265,-13.131,-20.261,-46.655,0
I,18747815,0.0503,0.6488,9.2320,1.3055,26.5106,3.3265,-13.311,-20.440,-46.828,0
I,18757815,0.0455,0.6393,9.2105,1.3665,26.6021,3.3570,-13.131,-21.695,-46.308,0
I,18767814,0.0718,0.6488,9.1842,1.3970,26.5411,3.4180,-12.772,-20.978,-47.002,0
I,18777814,0.0503,0.6297,9.2249,1.3055,26.4802,3.5095,-13.311,-19.364,-46.828,0
I,18787814,0.0335,0.6464,9.2201,1.3055,26.6326,3.2960,-13.491,-20.261,-46.308,0
I,18797814,0.0263,0.6273,9.1794,1.3055,26.6021,3.3265,-13.311,-21.157,-47.869,0
I,18807818,0.0311,0.6440,9.2033,1.3665,26.5106,3.2655,-14.211,-20.261,-47.348,0
I,18817814,0.0575,0.6225,9.2081,1.3665,26.5106,3.3570,-14.571,-21.336,-48.389,0
I,18827814,0.0599,0.6393,9.2320,1.4275,26.5716,3.3875,-12.412,-20.978,-46.308,0
I,18837814,0.0503,0.6440,9.2320,1.4275,26.4802,3.4180,-12.412,-20.978,-48.389,0
I,18847814,0.0551,0.6656,9.2081,1.2445,26.4802,3.4180,-12.772,-22.054,-48.042,0
I,18857814,0.0431,0.6512,9.1937,1.3970,26.5716,3.3265,-13.131,-21.336,-45.961,0
I,18867815,0.0263,0.6393,9.2105,1.2750,26.5411,3.3570,-13.491,-20.978,-47.695,0
I,18877814,0.0407,0.6369,9.1602,1.3360,26.6021,3.1741,-12.772,-20.261,-46.655,0
I,18887814,0.0383,0.6321,9.2225,1.3970,26.5716,3.2655,-14.211,-20.261,-47.695,0
I,18897814,0.0359,0.6105,9.1985,1.3665,26.5716,3.2655,-14.750,-20.081,-46.481,0
I,18907814,0.0551,0.6512,9.2009,1.3360,26.5716,3.2960,-14.391,-20.440,-48.216,0
I,18917815,0.0455,0.6345,9.2081,1.2750,26.5411,3.3875,-12.592,-21.157,-48.216,0
I,18927814,0.0718,0.6488,9.1985,1.3055,26.5716,3.4180,-13.491,-20.619,-47.348,0
I,18937814,0.0263,0.6512,9.1650,1.3360,26.5411,3.3875,-13.851,-21.695,-46.655,0
I,18947814,0.0359,0.6393,9.2727,1.3665,26.4497,3.2960,-13.491,-21.336,-47.002,0
I,18957814,0.0335,0.6369,9.1937,1.3360,26.5411,3.2351,-12.952,-20.798,-46.828,0
I,18967814,0.0287,0.6464,9.1842,1.3360,26.6326,3.3570,-13.311,-20.081,-46.134,0
I,18977816,0.0407,0.6249,9.2009,1.3665,26.5106,3.3570,-12.592,-21.157,-47.175,0
I,18987814,0.0646,0.6464,9.2608,1.3970,26.5411,3.2960,-13.491,-20.978,-47.695,0
I,18997814,0.0742,0.6656,9.2057,1.3970,26.5411,3.3570,-13.491,-21.336,-47.348,0
I,19007814,0.0431,0.6440,9.2009,1.2750,26.5106,3.3570,-12.592,-21.874,-47.175,0
I,19017814,0.0263,0.6249,9.1746,1.3665,26.5716,3.4485,-14.031,-21.516,-46.481,0
I,19027814,0.0287,0.6249,9.2129,1.2750,26.6326,3.4180,-14.031,-20.440,-46.828,0
I,19037814,0.0239,0.6369,9.2201,1.3970,26.6021,3.2351,-14.571,-21.336,-47.348,0
I,19047814,0.0239,0.6009,9.2201,1.3360,26.6021,3.3875,-12.052,-20.978,-48.389,0
I,19057814,0.0455,0.6488,9.2225,1.3360,26.5411,3.2655,-13.311,-20.440,-47.522,0
I,19067814,0.0599,0.6273,9.1937,1.3665,26.4802,3.4180,-12.952,-21.157,-46.481,0
I,19077814,0.0646,0.6321,9.1961,1.3360,26.5106,3.2960,-13.311,-22.233,-47.869,0
I,19087814,0.0694,0.6512,9.2153,1.2750,26.5716,3.3265,-14.930,-20.978,-47.002,0
I,19097817,0.0575,0.6752,9.2081,1.3055,26.5106,3.3570,-12.952,-21.157,-47.522,0
I,19107814,0.0575,0.6512,9.1794,1.3360,26.6631,3.2655,-13.671,-20.798,-46.134,0
I,19117814,0.0479,0.6488,9.1626,1.3360,26.6021,3.2351,-13.131,-21.336,-46.655,0
I,19127814,0.0551,0.6153,9.2081,1.3360,26.5716,3.2960,-13.131,-21.336,-46.655,2
I,19137814,0.0431,0.6273,9.2057,1.3970,26.6021,3.4180,-13.671,-20.798,-48.216,0
I,19147814,0.0599,0.5914,9.2129,1.3665,26.5106,3.3875,-13.851,-21.336,-46.655,0
I,19157814,0.0168,0.6081,9.2320,1.3665,26.5106,3.3265,-13.131,-20.619,-48.389,0
I,19167814,0.0096,0.6225,9.2201,1.3360,26.5106,3.2960,-13.311,-20.081,-47.522,0
I,19177814,0.0527,0.6464,9.2296,1.3665,26.6021,3.2960,-13.671,-20.798,-47.522,0
I,19187814,0.0718,0.6584,9.2273,1.4580,26.5716,3.1131,-12.052,-20.978,-46.308,0
I,19197814,0.0934,0.6704,9.1913,1.3055,26.6021,3.3265,-12.052,-21.336,-48.389,0
I,19207814,0.0910,0.6512,9.2009,1.3055,26.5716,3.3265,-12.232,-21.516,-47.175,0
I,19217815,0.0718,0.6464,9.2033,1.3665,26.4802,3.4790,-14.750,-22.233,-46.481,0
I,19227814,0.0455,0.6009,9.2033,1.2750,26.5106,3.4790,-13.491,-19.902,-48.389,0
I,19237815,0.0072,0.6009,9.2225,1.2750,26.4192,3.2960,-13.311,-20.440,-47.522,0
I,19247814,-0.0120,0.5842,9.2057,1.3360,26.5411,3.3875,-13.131,-19.902,-46.308,0
I,19257814,0.0120,0.6177,9.2129,1.3360,26.5716,3.3265,-12.232,-20.798,-47.522,0
I,19267814,0.0311,0.6440,9.1818,1.3970,26.5106,3.3265,-13.851,-21.695,-47.348,0
I,19277815,0.0551,0.6800,9.1913,1.3665,26.6021,3.2960,-13.131,-20.619,-47.695,0
I,19287814,0.0886,0.6823,9.1913,1.3055,26.5411,3.3875,-13.131,-19.902,-47.002,0
I,19297814,0.1053,0.6752,9.2368,1.3055,26.5716,3.3570,-14.750,-22.233,-46.481,0
I,19307814,0.0670,0.6656,9.2081,1.4275,26.5716,3.4485,-12.772,-21.336,-48.042,0
I,19317814,0.0263,0.6297,9.1985,1.2750,26.6021,3.4485,-12.592,-21.516,-47.175,0
I,19327814,0.0144,0.6057,9.2129,1.3665,26.6021,3.3265,-14.391,-20.081,-46.481,0
I,19337814,0.0168,0.6057,9.2033,1.3665,26.6021,3.3570,-13.851,-20.978,-48.042,0
I,19347814,0.0311,0.6057,9.2105,1.3970,26.5411,3.3265,-13.671,-21.516,-46.828,0
I,19357814,0.0599,0.6369,9.2009,1.3970,26.4802,3.1741,-12.772,-21.336,-47.002,0
I,19367814,0.0646,0.6704,9.2033,1.3665,26.5411,3.2960,-13.131,-22.054,-47.002,0
I,19377814,0.0838,0.6560,9.1985,1.3970,26.6021,3.3570,-11.872,-20.440,-47.522,0
I,19387816,0.0599,0.6680,9.2105,1.3665,26.5716,3.3570,-12.952,-21.516,-47.869,0
I,19397814,0.0192,0.6536,9.2009,1.3665,26.5411,3.3265,-13.131,-20.619,-47.002,0
I,19407814,0.0168,0.6416,9.1842,1.3055,26.6326,3.3875,-14.930,-20.619,-48.042,0
I,19417814,0.0287,0.6153,9.1961,1.3665,26.6631,3.2351,-11.153,-21.516,-48.216,0
I,19427814,0.0527,0.5986,9.1985,1.3665,26.6326,3.3875,-12.952,-20.081,-48.216,0
I,19437814,0.0383,0.6249,9.2153,1.2750,26.6326,3.2655,-12.772,-20.619,-47.695,0
I,19447816,0.0646,0.6464,9.2177,1.3055,26.5106,3.2351,-14.571,-19.543,-47.002,0
I,19457814,0.0575,0.6560,9.2296,1.3360,26.6631,3.4790,-15.830,-22.233,-45.788,0
I,19467814,0.0575,0.6632,9.2368,1.2750,26.6936,3.4485,-14.750,-21.874,-47.175,0
I,19477814,0.0551,0.6680,9.2081,1.3970,26.6021,3.4485,-14.211,-22.054,-47.695,0
I,19487814,0.0383,0.6632,9.1985,1.3665,26.5411,3.3875,-13.851,-20.978,-47.695,0
I,19497814,0.0455,0.6345,9.2105,1.3360,26.3887,3.2655,-14.211,-19.543,-46.655,0
I,19507814,0.0335,0.6249,9.2081,1.4275,26.5716,3.4180,-13.311,-22.950,-46.828,0
I,19517815,0.0455,0.6273,9.1961,1.2750,26.6021,3.2351,-12.772,-20.978,-47.695,0
I,19527815,0.0455,0.6153,9.2296,1.4275,26.5411,3.2960,-12.772,-22.412,-47.695,0
I,19537814,0.0431,0.6225,9.2249,1.3665,26.4802,3.3570,-14.211,-22.412,-47.695,0
I,19547815,0.0335,0.6416,9.2129,1.2750,26.5411,3.3875,-12.592,-21.516,-47.869,0
I,19557814,0.0575,0.6656,9.2009,1.2750,26.5716,3.3570,-14.031,-21.516,-47.869,0
I,19567817,0.0503,0.6440,9.1866,1.3360,26.5411,3.2351,-12.952,-21.516,-45.788,0
I,19577814,0.0622,0.6369,9.1818,1.3665,26.6326,3.3570,-15.110,-22.591,-46.828,0
I,19587815,0.0527,0.6393,9.2440,1.3970,26.5716,3.2655,-14.211,-22.412,-45.961,0
I,19597815,0.0335,0.6297,9.1961,1.3360,26.5716,3.2655,-14.031,-21.157,-46.828,0
I,19607814,0.0407,0.6177,9.1937,1.3360,26.4802,3.3570,-12.592,-20.081,-47.175,0
I,19617814,0.0551,0.6488,9.2009,1.2750,26.6021,3.3875,-14.391,-20.798,-47.175,0
I,19627817,0.0742,0.6464,9.1818,1.4275,26.5106,3.2960,-13.311,-20.440,-47.175,0
I,19637814,0.0646,0.6560,9.1794,1.3360,26.4802,3.2655,-11.872,-21.157,-46.828,0
I,19647814,0.0383,0.6536,9.1866,1.3055,26.5411,3.3570,-13.311,-22.233,-48.562,0
I,19657814,0.0359,0.6321,9.2225,1.4580,26.5716,3.2960,-14.750,-21.516,-46.134,0
I,19667814,0.0215,0.6153,9.1770,1.3055,26.5411,3.2655,-12.952,-20.440,-47.175,0
I,19677815,0.0335,0.6249,9.1818,1.3970,26.4497,3.3265,-12.772,-22.054,-47.348,0
I,19687814,0.0527,0.6321,9.2368,1.3665,26.6021,3.3570,-14.031,-20.081,-46.481,0
I,19697814,0.0646,0.6297,9.2225,1.3055,26.6326,3.2655,-13.131,-20.978,-46.655,0
I,19707814,0.0718,0.6440,9.2081,1.3055,26.5716,3.2960,-14.211,-21.336,-47.695,0
I,19717814,0.0551,0.6464,9.1889,1.2445,26.5106,3.3875,-13.131,-23.129,-48.042,0
I,19727814,0.0383,0.6321,9.2344,1.3360,26.5106,3.2655,-13.851,-21.336,-45.614,0
I,19737814,0.0407,0.6512,9.1866,1.3055,26.5716,3.1741,-12.232,-21.157,-48.216,0
I,19747815,0.0359,0.6560,9.2153,1.2750,26.5411,3.3265,-12.592,-19.723,-47.175,0
I,19757814,0.0599,0.6345,9.2081,1.2750,26.6021,3.4180,-13.671,-20.440,-46.828,0
I,19767814,0.0335,0.6464,9.1961,1.3055,26.5716,3.2960,-13.131,-21.695,-48.042,0
I,19777814,0.0455,0.6249,9.1818,1.4275,26.5106,3.3875,-15.110,-21.874,-46.828,0
I,19787814,0.0479,0.6225,9.2129,1.4275,26.5106,3.3570,-14.211,-20.978,-47.695,0
I,19797814,0.0383,0.6081,9.2296,1.3665,26.5411,3.2960,-13.851,-22.412,-48.389,0
I,19807814,0.0407,0.6440,9.1937,1.4275,26.4802,3.2046,-13.311,-21.157,-47.869,0
I,19817814,0.0575,0.6464,9.2153,1.3360,26.5716,3.1131,-12.412,-20.261,-47.002,0
I,19827814,0.0622,0.6536,9.1961,1.3970,26.6631,3.2046,-12.772,-20.978,-48.389,0
I,19837814,0.0455,0.6584,9.1985,1.3360,26.5411,3.3875,-14.391,-21.874,-47.175,0
I,19847814,0.0407,0.6393,9.2033,1.2750,26.5716,3.3570,-13.131,-21.336,-46.655,0
I,19857817,0.0527,0.6440,9.1985,1.3055,26.6326,3.5095,-13.671,-19.723,-47.869,0
I,19867814,0.0407,0.6321,9.1866,1.3360,26.5411,3.4485,-14.211,-22.054,-48.042,0
I,19877814,0.0455,0.6153,9.2009,1.3360,26.5716,3.3265,-13.131,-20.619,-47.695,0
I,19887815,0.0503,0.6105,9.1937,1.3360,26.5716,3.3570,-14.391,-21.874,-47.175,0
I,19897814,0.0455,0.6416,9.2320,1.3665,26.5106,3.2351,-12.952,-21.516,-48.216,0
I,19907814,0.0407,0.6273,9.2225,1.4275,26.5716,3.2960,-11.872,-20.440,-47.869,0
I,19917817,0.0455,0.6512,9.1985,1.3970,26.5716,3.2046,-12.952,-20.798,-48.562,0
I,19927814,0.0599,0.6440,9.1985,1.2750,26.5716,3.4180,-13.671,-20.798,-48.216,0
I,19937815,0.0479,0.6201,9.1961,1.3665,26.4802,3.3265,-12.232,-20.798,-46.828,0
I,19947815,0.0527,0.6440,9.1818,1.3970,26.5716,3.3570,-13.131,-19.902,-47.002,0
I,19957814,0.0503,0.6225,9.2057,1.4580,26.5716,3.3570,-13.131,-21.336,-47.695,0
I,19967814,0.0455,0.6321,9.1746,1.2445,26.5106,3.2960,-13.311,-20.440,-47.522,0
I,19977814,0.0455,0.6321,9.1842,1.3665,26.5716,3.3265,-13.851,-20.619,-48.042,0
I,19987814,0.0311,0.6488,9.2057,1.3665,26.5411,3.2351,-13.671,-21.874,-46.828,0
I,19997814,0.0551,0.6369,9.2273,1.3665,26.5106,3.4180,-12.592,-20.798,-47.175,0
I,20007815,0.0670,0.6560,9.2081,1.3665,26.5411,3.2960,-12.592,-20.798,-47.175,2
I,20017814,0.0503,0.6728,9.1866,1.2750,26.5411,3.4180,-13.311,-21.516,-48.216,0
I,20077815,0.0287,0.6345,9.2105,1.3970,26.5716,3.3570,-13.671,-20.798,-47.522,0
I,20087814,0.0335,0.6440,9.2225,1.3970,26.3582,3.3265,-14.211,-20.978,-47.695,0
I,20097815,0.0694,0.6560,9.1937,1.2750,26.5106,3.2960,-13.131,-21.336,-47.348,0
I,20107814,0.0670,0.6297,9.1506,1.3360,26.5716,3.2960,-14.391,-20.798,-47.522,0
I,20117814,0.0646,0.6369,9.2009,1.4275,26.5411,3.3570,-13.671,-21.157,-46.828,0
